timestamp,event_type,source,details
2026-01-01 00:00:45+00:00,process_stop,system,nominal
2026-01-01 00:01:09+00:00,auth_failure,auth,nominal-ish
2026-01-01 00:02:40+00:00,auth_success,system,nominal
2026-01-01 00:03:03+00:00,error,system,nominal
2026-01-01 00:03:26+00:00,auth_failure,auth,nominal-ish
2026-01-01 00:04:15+00:00,error,system,nominal
2026-01-01 00:04:16+00:00,auth_failure,auth,nominal-ish
2026-01-01 00:05:09+00:00,auth_failure,auth,nominal-ish
2026-01-01 00:05:14+00:00,warning,system,nominal
2026-01-01 00:05:16+00:00,auth_failure,auth,nominal-ish
2026-01-01 00:07:05+00:00,auth_failure,auth,nominal-ish
2026-01-01 00:08:43+00:00,auth_failure,auth,nominal-ish
2026-01-01 00:09:00+00:00,process_start,system,nominal
2026-01-01 00:09:05+00:00,auth_success,system,nominal
2026-01-01 00:09:12+00:00,process_start,system,nominal
2026-01-01 00:09:40+00:00,auth_success,system,nominal
2026-01-01 00:10:54+00:00,auth_failure,auth,nominal-ish
2026-01-01 00:11:19+00:00,config_change,system,nominal
2026-01-01 00:12:03+00:00,error,system,nominal
2026-01-01 00:12:21+00:00,auth_failure,auth,nominal-ish
2026-01-01 00:12:38+00:00,auth_failure,system,nominal
2026-01-01 00:12:58+00:00,warning,system,nominal
2026-01-01 00:13:43+00:00,auth_success,system,nominal
2026-01-01 00:14:14+00:00,auth_success,system,nominal
2026-01-01 00:14:23+00:00,error,system,nominal
2026-01-01 00:16:23+00:00,auth_failure,auth,nominal-ish
2026-01-01 00:16:38+00:00,auth_failure,auth,nominal-ish
2026-01-01 00:18:28+00:00,warning,system,nominal
2026-01-01 00:18:36+00:00,auth_failure,auth,nominal-ish
2026-01-01 00:19:21+00:00,process_start,system,nominal
2026-01-01 00:19:37+00:00,process_start,system,nominal
2026-01-01 00:20:30+00:00,config_change,system,nominal
2026-01-01 00:22:15+00:00,error,system,nominal
2026-01-01 00:22:59+00:00,auth_success,system,nominal
2026-01-01 00:23:14+00:00,auth_success,system,nominal
2026-01-01 00:24:45+00:00,auth_success,system,nominal
2026-01-01 00:25:41+00:00,auth_failure,auth,nominal-ish
2026-01-01 00:26:08+00:00,process_start,system,nominal
2026-01-01 00:27:21+00:00,auth_success,system,nominal
2026-01-01 00:27:40+00:00,process_stop,system,nominal
2026-01-01 00:27:49+00:00,process_stop,system,nominal
2026-01-01 00:28:13+00:00,process_start,system,nominal
2026-01-01 00:28:18+00:00,warning,system,nominal
2026-01-01 00:28:34+00:00,process_stop,system,nominal
2026-01-01 00:28:59+00:00,process_start,system,nominal
2026-01-01 00:29:15+00:00,auth_failure,auth,nominal-ish
2026-01-01 00:29:20+00:00,auth_success,system,nominal
2026-01-01 00:29:55+00:00,auth_failure,auth,nominal-ish
2026-01-01 00:30:13+00:00,warning,system,nominal
2026-01-01 00:31:08+00:00,auth_failure,auth,nominal-ish
2026-01-01 00:33:31+00:00,auth_failure,system,nominal
2026-01-01 00:34:18+00:00,process_stop,system,nominal
2026-01-01 00:34:21+00:00,process_start,system,nominal
2026-01-01 00:35:18+00:00,auth_failure,auth,nominal-ish
2026-01-01 00:36:40+00:00,error,system,nominal
2026-01-01 00:37:10+00:00,auth_failure,auth,nominal-ish
2026-01-01 00:37:38+00:00,process_stop,system,nominal
2026-01-01 00:37:50+00:00,config_change,system,nominal
2026-01-01 00:38:33+00:00,auth_failure,auth,nominal-ish
2026-01-01 00:38:54+00:00,warning,system,nominal
2026-01-01 00:38:55+00:00,error,system,nominal
2026-01-01 00:39:14+00:00,auth_failure,auth,nominal-ish
2026-01-01 00:40:27+00:00,auth_failure,auth,nominal-ish
2026-01-01 00:40:48+00:00,process_start,system,nominal
2026-01-01 00:40:57+00:00,auth_success,system,nominal
2026-01-01 00:40:58+00:00,config_change,system,nominal
2026-01-01 00:41:22+00:00,auth_failure,auth,nominal-ish
2026-01-01 00:42:39+00:00,auth_failure,auth,nominal-ish
2026-01-01 00:42:48+00:00,auth_failure,system,nominal
2026-01-01 00:44:06+00:00,process_start,system,nominal
2026-01-01 00:44:45+00:00,error,system,nominal
2026-01-01 00:44:51+00:00,process_stop,system,nominal
2026-01-01 00:45:20+00:00,config_change,system,nominal
2026-01-01 00:45:38+00:00,auth_failure,system,nominal
2026-01-01 00:46:11+00:00,auth_failure,auth,nominal-ish
2026-01-01 00:46:14+00:00,process_stop,system,nominal
2026-01-01 00:46:24+00:00,auth_failure,auth,nominal-ish
2026-01-01 00:46:38+00:00,process_start,system,nominal
2026-01-01 00:47:29+00:00,process_start,system,nominal
2026-01-01 00:47:51+00:00,auth_success,system,nominal
2026-01-01 00:48:03+00:00,process_stop,system,nominal
2026-01-01 00:48:51+00:00,process_stop,system,nominal
2026-01-01 00:50:24+00:00,auth_failure,auth,nominal-ish
2026-01-01 00:50:34+00:00,error,system,nominal
2026-01-01 00:51:43+00:00,error,system,nominal
2026-01-01 00:52:07+00:00,auth_failure,auth,nominal-ish
2026-01-01 00:52:24+00:00,auth_failure,auth,nominal-ish
2026-01-01 00:52:50+00:00,auth_failure,system,nominal
2026-01-01 00:53:23+00:00,error,system,nominal
2026-01-01 00:55:04+00:00,auth_failure,system,nominal
2026-01-01 00:57:25+00:00,config_change,system,nominal
2026-01-01 00:57:29+00:00,process_stop,system,nominal
2026-01-01 00:58:20+00:00,error,system,nominal
2026-01-01 00:58:40+00:00,auth_failure,auth,nominal-ish
2026-01-01 00:58:49+00:00,auth_failure,auth,nominal-ish
2026-01-01 00:59:10+00:00,process_start,system,nominal
2026-01-01 00:59:14+00:00,error,system,nominal
2026-01-01 00:59:22+00:00,process_start,system,nominal
2026-01-01 00:59:25+00:00,error,system,nominal
2026-01-01 00:59:34+00:00,process_stop,system,nominal
2026-01-01 00:59:46+00:00,error,system,nominal
2026-01-01 01:00:00+00:00,config_change,system,nominal
2026-01-01 01:00:04+00:00,config_change,system,nominal
2026-01-01 01:00:05+00:00,auth_failure,auth,nominal-ish
2026-01-01 01:00:16+00:00,process_stop,system,nominal
2026-01-01 01:00:19+00:00,error,system,nominal
2026-01-01 01:00:39+00:00,auth_failure,system,nominal
2026-01-01 01:01:18+00:00,auth_failure,auth,nominal-ish
2026-01-01 01:01:33+00:00,auth_success,system,nominal
2026-01-01 01:01:45+00:00,config_change,system,nominal
2026-01-01 01:02:43+00:00,process_stop,system,nominal
2026-01-01 01:02:49+00:00,warning,system,nominal
2026-01-01 01:02:50+00:00,process_stop,system,nominal
2026-01-01 01:03:48+00:00,process_stop,system,nominal
2026-01-01 01:03:58+00:00,process_start,system,nominal
2026-01-01 01:04:25+00:00,auth_failure,system,nominal
2026-01-01 01:05:10+00:00,auth_failure,auth,nominal-ish
2026-01-01 01:05:50+00:00,auth_failure,auth,nominal-ish
2026-01-01 01:06:07+00:00,warning,system,nominal
2026-01-01 01:06:33+00:00,auth_failure,auth,nominal-ish
2026-01-01 01:06:35+00:00,process_start,system,nominal
2026-01-01 01:07:35+00:00,process_stop,system,nominal
2026-01-01 01:07:56+00:00,process_stop,system,nominal
2026-01-01 01:08:21+00:00,process_stop,system,nominal
2026-01-01 01:09:38+00:00,auth_success,system,nominal
2026-01-01 01:09:54+00:00,auth_failure,auth,nominal-ish
2026-01-01 01:10:40+00:00,process_stop,system,nominal
2026-01-01 01:11:06+00:00,config_change,system,nominal
2026-01-01 01:12:30+00:00,config_change,system,nominal
2026-01-01 01:13:21+00:00,auth_failure,auth,nominal-ish
2026-01-01 01:15:05+00:00,config_change,system,nominal
2026-01-01 01:15:22+00:00,process_start,system,nominal
2026-01-01 01:15:27+00:00,process_stop,system,nominal
2026-01-01 01:15:35+00:00,error,system,nominal
2026-01-01 01:15:47+00:00,warning,system,nominal
2026-01-01 01:16:47+00:00,auth_success,system,nominal
2026-01-01 01:16:59+00:00,auth_failure,system,nominal
2026-01-01 01:17:35+00:00,auth_success,system,nominal
2026-01-01 01:19:38+00:00,process_start,system,nominal
2026-01-01 01:20:10+00:00,error,system,nominal
2026-01-01 01:20:27+00:00,error,system,nominal
2026-01-01 01:21:27+00:00,error,system,nominal
2026-01-01 01:22:07+00:00,process_start,system,nominal
2026-01-01 01:22:37+00:00,warning,system,nominal
2026-01-01 01:23:08+00:00,auth_failure,auth,nominal-ish
2026-01-01 01:23:41+00:00,config_change,system,nominal
2026-01-01 01:23:57+00:00,config_change,system,nominal
2026-01-01 01:24:41+00:00,error,system,nominal
2026-01-01 01:24:44+00:00,auth_success,system,nominal
2026-01-01 01:25:06+00:00,auth_failure,auth,nominal-ish
2026-01-01 01:25:45+00:00,process_stop,system,nominal
2026-01-01 01:27:12+00:00,process_stop,system,nominal
2026-01-01 01:27:28+00:00,auth_failure,auth,nominal-ish
2026-01-01 01:28:19+00:00,config_change,system,nominal
2026-01-01 01:28:23+00:00,auth_failure,auth,nominal-ish
2026-01-01 01:29:38+00:00,config_change,system,nominal
2026-01-01 01:29:39+00:00,warning,system,nominal
2026-01-01 01:30:14+00:00,warning,system,nominal
2026-01-01 01:30:27+00:00,auth_failure,system,nominal
2026-01-01 01:31:17+00:00,auth_failure,auth,nominal-ish
2026-01-01 01:32:20+00:00,auth_failure,auth,nominal-ish
2026-01-01 01:32:29+00:00,warning,system,nominal
2026-01-01 01:32:54+00:00,warning,system,nominal
2026-01-01 01:34:51+00:00,error,system,nominal
2026-01-01 01:35:00+00:00,process_stop,system,nominal
2026-01-01 01:35:55+00:00,auth_success,system,nominal
2026-01-01 01:36:57+00:00,auth_failure,system,nominal
2026-01-01 01:37:15+00:00,process_stop,system,nominal
2026-01-01 01:38:47+00:00,process_stop,system,nominal
2026-01-01 01:39:53+00:00,auth_success,system,nominal
2026-01-01 01:39:59+00:00,warning,system,nominal
2026-01-01 01:42:30+00:00,auth_success,system,nominal
2026-01-01 01:42:46+00:00,auth_failure,auth,nominal-ish
2026-01-01 01:42:57+00:00,auth_success,system,nominal
2026-01-01 01:43:06+00:00,config_change,system,nominal
2026-01-01 01:43:29+00:00,auth_failure,system,nominal
2026-01-01 01:43:41+00:00,process_start,system,nominal
2026-01-01 01:44:08+00:00,auth_success,system,nominal
2026-01-01 01:44:57+00:00,config_change,system,nominal
2026-01-01 01:45:41+00:00,config_change,system,nominal
2026-01-01 01:46:14+00:00,process_start,system,nominal
2026-01-01 01:46:18+00:00,warning,system,nominal
2026-01-01 01:46:56+00:00,auth_success,system,nominal
2026-01-01 01:48:50+00:00,auth_failure,system,nominal
2026-01-01 01:49:11+00:00,auth_failure,auth,nominal-ish
2026-01-01 01:49:38+00:00,auth_success,system,nominal
2026-01-01 01:50:36+00:00,auth_failure,auth,nominal-ish
2026-01-01 01:51:01+00:00,auth_failure,auth,nominal-ish
2026-01-01 01:54:29+00:00,auth_failure,system,nominal
2026-01-01 01:55:43+00:00,auth_failure,auth,nominal-ish
2026-01-01 01:57:05+00:00,config_change,system,nominal
2026-01-01 01:57:18+00:00,auth_failure,system,nominal
2026-01-01 02:01:28+00:00,process_stop,system,nominal
2026-01-01 02:01:29+00:00,auth_failure,auth,nominal-ish
2026-01-01 02:02:38+00:00,auth_failure,auth,nominal-ish
2026-01-01 02:02:39+00:00,warning,system,nominal
2026-01-01 02:03:36+00:00,config_change,system,nominal
2026-01-01 02:04:44+00:00,auth_failure,auth,nominal-ish
2026-01-01 02:06:33+00:00,process_start,system,nominal
2026-01-01 02:07:02+00:00,error,system,nominal
2026-01-01 02:07:14+00:00,warning,system,nominal
2026-01-01 02:07:35+00:00,auth_failure,auth,nominal-ish
2026-01-01 02:09:37+00:00,error,system,nominal
2026-01-01 02:12:46+00:00,auth_failure,auth,nominal-ish
2026-01-01 02:12:49+00:00,process_start,system,nominal
2026-01-01 02:13:04+00:00,error,system,nominal
2026-01-01 02:15:20+00:00,auth_failure,auth,nominal-ish
2026-01-01 02:16:25+00:00,auth_failure,auth,nominal-ish
2026-01-01 02:17:28+00:00,process_stop,system,nominal
2026-01-01 02:17:41+00:00,process_start,system,nominal
2026-01-01 02:17:42+00:00,process_start,system,nominal
2026-01-01 02:19:38+00:00,process_stop,system,nominal
2026-01-01 02:19:44+00:00,process_stop,system,nominal
2026-01-01 02:20:53+00:00,error,system,nominal
2026-01-01 02:20:55+00:00,auth_failure,auth,nominal-ish
2026-01-01 02:21:36+00:00,process_stop,system,nominal
2026-01-01 02:22:21+00:00,auth_failure,auth,nominal-ish
2026-01-01 02:22:28+00:00,auth_success,system,nominal
2026-01-01 02:23:23+00:00,auth_failure,system,nominal
2026-01-01 02:24:11+00:00,warning,system,nominal
2026-01-01 02:24:25+00:00,auth_success,system,nominal
2026-01-01 02:26:03+00:00,auth_success,system,nominal
2026-01-01 02:26:28+00:00,auth_failure,auth,nominal-ish
2026-01-01 02:26:35+00:00,process_start,system,nominal
2026-01-01 02:26:38+00:00,config_change,system,nominal
2026-01-01 02:27:36+00:00,auth_failure,auth,nominal-ish
2026-01-01 02:27:46+00:00,auth_failure,auth,nominal-ish
2026-01-01 02:29:39+00:00,auth_failure,system,nominal
2026-01-01 02:30:15+00:00,auth_failure,auth,nominal-ish
2026-01-01 02:32:19+00:00,config_change,system,nominal
2026-01-01 02:33:22+00:00,process_start,system,nominal
2026-01-01 02:33:33+00:00,auth_failure,system,nominal
2026-01-01 02:33:36+00:00,config_change,system,nominal
2026-01-01 02:34:08+00:00,auth_failure,auth,nominal-ish
2026-01-01 02:34:22+00:00,auth_failure,auth,nominal-ish
2026-01-01 02:34:57+00:00,process_start,system,nominal
2026-01-01 02:35:14+00:00,process_stop,system,nominal
2026-01-01 02:35:37+00:00,auth_failure,auth,nominal-ish
2026-01-01 02:36:09+00:00,error,system,nominal
2026-01-01 02:36:53+00:00,config_change,system,nominal
2026-01-01 02:37:53+00:00,config_change,system,nominal
2026-01-01 02:38:24+00:00,auth_failure,system,nominal
2026-01-01 02:38:40+00:00,auth_failure,system,nominal
2026-01-01 02:38:56+00:00,warning,system,nominal
2026-01-01 02:39:04+00:00,warning,system,nominal
2026-01-01 02:39:10+00:00,process_start,system,nominal
2026-01-01 02:39:56+00:00,auth_failure,auth,nominal-ish
2026-01-01 02:39:58+00:00,warning,system,nominal
2026-01-01 02:40:45+00:00,auth_failure,system,nominal
2026-01-01 02:41:02+00:00,process_stop,system,nominal
2026-01-01 02:41:24+00:00,auth_success,system,nominal
2026-01-01 02:43:12+00:00,config_change,system,nominal
2026-01-01 02:45:14+00:00,process_stop,system,nominal
2026-01-01 02:45:57+00:00,auth_failure,auth,nominal-ish
2026-01-01 02:45:59+00:00,auth_success,system,nominal
2026-01-01 02:47:10+00:00,config_change,system,nominal
2026-01-01 02:47:31+00:00,error,system,nominal
2026-01-01 02:47:55+00:00,config_change,system,nominal
2026-01-01 02:48:26+00:00,auth_success,system,nominal
2026-01-01 02:49:26+00:00,auth_failure,system,nominal
2026-01-01 02:49:28+00:00,config_change,system,nominal
2026-01-01 02:50:10+00:00,auth_success,system,nominal
2026-01-01 02:51:02+00:00,error,system,nominal
2026-01-01 02:51:40+00:00,process_start,system,nominal
2026-01-01 02:52:39+00:00,auth_success,system,nominal
2026-01-01 02:53:10+00:00,config_change,system,nominal
2026-01-01 02:53:39+00:00,auth_failure,system,nominal
2026-01-01 02:54:35+00:00,auth_success,system,nominal
2026-01-01 02:54:43+00:00,process_start,system,nominal
2026-01-01 02:54:52+00:00,auth_failure,system,nominal
2026-01-01 02:55:15+00:00,auth_failure,auth,nominal-ish
2026-01-01 02:55:20+00:00,auth_success,system,nominal
2026-01-01 02:55:42+00:00,config_change,system,nominal
2026-01-01 02:55:57+00:00,warning,system,nominal
2026-01-01 02:56:12+00:00,warning,system,nominal
2026-01-01 02:56:35+00:00,warning,system,nominal
2026-01-01 02:56:39+00:00,auth_failure,auth,nominal-ish
2026-01-01 02:57:01+00:00,config_change,system,nominal
2026-01-01 02:57:44+00:00,auth_failure,auth,nominal-ish
2026-01-01 02:57:50+00:00,process_start,system,nominal
2026-01-01 02:59:37+00:00,auth_failure,auth,nominal-ish
2026-01-01 03:00:56+00:00,auth_success,system,nominal
2026-01-01 03:01:16+00:00,auth_failure,auth,nominal-ish
2026-01-01 03:02:01+00:00,auth_failure,auth,nominal-ish
2026-01-01 03:02:12+00:00,auth_failure,system,nominal
2026-01-01 03:03:11+00:00,process_start,system,nominal
2026-01-01 03:04:36+00:00,process_stop,system,nominal
2026-01-01 03:05:30+00:00,auth_failure,auth,nominal-ish
2026-01-01 03:06:48+00:00,auth_failure,auth,nominal-ish
2026-01-01 03:07:35+00:00,auth_success,system,nominal
2026-01-01 03:08:01+00:00,config_change,system,nominal
2026-01-01 03:08:18+00:00,auth_failure,auth,nominal-ish
2026-01-01 03:08:48+00:00,error,system,nominal
2026-01-01 03:09:20+00:00,auth_failure,auth,nominal-ish
2026-01-01 03:09:25+00:00,auth_failure,auth,nominal-ish
2026-01-01 03:11:02+00:00,auth_failure,auth,nominal-ish
2026-01-01 03:11:42+00:00,auth_failure,system,nominal
2026-01-01 03:11:45+00:00,config_change,system,nominal
2026-01-01 03:12:06+00:00,auth_success,system,nominal
2026-01-01 03:12:10+00:00,error,system,nominal
2026-01-01 03:12:32+00:00,auth_failure,system,nominal
2026-01-01 03:14:18+00:00,auth_success,system,nominal
2026-01-01 03:15:18+00:00,auth_failure,system,nominal
2026-01-01 03:16:17+00:00,process_stop,system,nominal
2026-01-01 03:16:28+00:00,auth_failure,auth,nominal-ish
2026-01-01 03:16:58+00:00,auth_failure,auth,nominal-ish
2026-01-01 03:17:09+00:00,warning,system,nominal
2026-01-01 03:17:16+00:00,auth_failure,system,nominal
2026-01-01 03:17:45+00:00,process_stop,system,nominal
2026-01-01 03:19:48+00:00,warning,system,nominal
2026-01-01 03:20:20+00:00,config_change,system,nominal
2026-01-01 03:20:21+00:00,auth_failure,auth,nominal-ish
2026-01-01 03:20:57+00:00,auth_failure,system,nominal
2026-01-01 03:21:10+00:00,warning,system,nominal
2026-01-01 03:21:22+00:00,process_start,system,nominal
2026-01-01 03:21:28+00:00,error,system,nominal
2026-01-01 03:23:48+00:00,error,system,nominal
2026-01-01 03:24:08+00:00,error,system,nominal
2026-01-01 03:24:38+00:00,auth_failure,system,nominal
2026-01-01 03:25:03+00:00,auth_failure,auth,nominal-ish
2026-01-01 03:28:33+00:00,auth_failure,system,nominal
2026-01-01 03:28:34+00:00,process_start,system,nominal
2026-01-01 03:29:27+00:00,auth_success,system,nominal
2026-01-01 03:29:41+00:00,warning,system,nominal
2026-01-01 03:30:10+00:00,error,system,nominal
2026-01-01 03:32:20+00:00,process_stop,system,nominal
2026-01-01 03:33:23+00:00,process_start,system,nominal
2026-01-01 03:34:25+00:00,error,system,nominal
2026-01-01 03:34:46+00:00,auth_success,system,nominal
2026-01-01 03:36:05+00:00,warning,system,nominal
2026-01-01 03:38:27+00:00,auth_success,system,nominal
2026-01-01 03:38:37+00:00,auth_failure,auth,nominal-ish
2026-01-01 03:39:23+00:00,auth_failure,system,nominal
2026-01-01 03:40:27+00:00,process_start,system,nominal
2026-01-01 03:40:31+00:00,error,system,nominal
2026-01-01 03:40:49+00:00,process_stop,system,nominal
2026-01-01 03:42:10+00:00,auth_failure,system,nominal
2026-01-01 03:42:33+00:00,process_start,system,nominal
2026-01-01 03:42:40+00:00,error,system,nominal
2026-01-01 03:43:33+00:00,auth_failure,system,nominal
2026-01-01 03:44:04+00:00,auth_success,system,nominal
2026-01-01 03:44:27+00:00,config_change,system,nominal
2026-01-01 03:44:29+00:00,process_stop,system,nominal
2026-01-01 03:44:35+00:00,auth_failure,auth,nominal-ish
2026-01-01 03:45:10+00:00,auth_failure,auth,nominal-ish
2026-01-01 03:45:39+00:00,auth_success,system,nominal
2026-01-01 03:45:42+00:00,auth_success,system,nominal
2026-01-01 03:46:18+00:00,process_stop,system,nominal
2026-01-01 03:46:35+00:00,auth_success,system,nominal
2026-01-01 03:48:27+00:00,config_change,system,nominal
2026-01-01 03:49:20+00:00,warning,system,nominal
2026-01-01 03:49:27+00:00,warning,system,nominal
2026-01-01 03:50:32+00:00,process_stop,system,nominal
2026-01-01 03:50:51+00:00,error,system,nominal
2026-01-01 03:51:20+00:00,process_start,system,nominal
2026-01-01 03:51:49+00:00,process_stop,system,nominal
2026-01-01 03:52:20+00:00,auth_success,system,nominal
2026-01-01 03:52:39+00:00,auth_failure,system,nominal
2026-01-01 03:53:20+00:00,auth_failure,system,nominal
2026-01-01 03:54:03+00:00,auth_success,system,nominal
2026-01-01 03:54:27+00:00,process_start,system,nominal
2026-01-01 03:55:27+00:00,config_change,system,nominal
2026-01-01 03:56:44+00:00,auth_failure,system,nominal
2026-01-01 03:56:59+00:00,error,system,nominal
2026-01-01 03:57:02+00:00,process_start,system,nominal
2026-01-01 03:57:05+00:00,auth_failure,auth,nominal-ish
2026-01-01 03:57:37+00:00,process_start,system,nominal
2026-01-01 03:57:47+00:00,auth_failure,auth,nominal-ish
2026-01-01 03:58:40+00:00,auth_failure,auth,nominal-ish
2026-01-01 03:58:49+00:00,warning,system,nominal
2026-01-01 03:59:00+00:00,warning,system,nominal
2026-01-01 03:59:16+00:00,process_start,system,nominal
2026-01-01 03:59:55+00:00,warning,system,nominal
2026-01-01 04:00:31+00:00,auth_failure,auth,nominal-ish
2026-01-01 04:00:32+00:00,config_change,system,nominal
2026-01-01 04:01:48+00:00,auth_failure,auth,nominal-ish
2026-01-01 04:01:51+00:00,auth_failure,auth,nominal-ish
2026-01-01 04:01:54+00:00,error,system,nominal
2026-01-01 04:02:06+00:00,auth_failure,auth,nominal-ish
2026-01-01 04:02:13+00:00,error,system,nominal
2026-01-01 04:02:35+00:00,auth_failure,auth,nominal-ish
2026-01-01 04:02:49+00:00,process_stop,system,nominal
2026-01-01 04:03:13+00:00,error,system,nominal
2026-01-01 04:04:17+00:00,process_stop,system,nominal
2026-01-01 04:04:44+00:00,auth_failure,auth,nominal-ish
2026-01-01 04:04:52+00:00,auth_success,system,nominal
2026-01-01 04:06:01+00:00,auth_success,system,nominal
2026-01-01 04:06:03+00:00,auth_failure,auth,nominal-ish
2026-01-01 04:07:36+00:00,auth_failure,system,nominal
2026-01-01 04:08:21+00:00,auth_success,system,nominal
2026-01-01 04:08:38+00:00,auth_failure,auth,nominal-ish
2026-01-01 04:08:39+00:00,auth_failure,auth,nominal-ish
2026-01-01 04:10:12+00:00,auth_failure,system,nominal
2026-01-01 04:11:41+00:00,config_change,system,nominal
2026-01-01 04:12:29+00:00,process_stop,system,nominal
2026-01-01 04:13:13+00:00,auth_success,system,nominal
2026-01-01 04:13:33+00:00,process_start,system,nominal
2026-01-01 04:14:15+00:00,config_change,system,nominal
2026-01-01 04:15:06+00:00,auth_success,system,nominal
2026-01-01 04:15:50+00:00,error,system,nominal
2026-01-01 04:16:01+00:00,auth_failure,system,nominal
2026-01-01 04:16:24+00:00,process_start,system,nominal
2026-01-01 04:16:53+00:00,auth_failure,auth,nominal-ish
2026-01-01 04:18:35+00:00,error,system,nominal
2026-01-01 04:18:59+00:00,auth_failure,system,nominal
2026-01-01 04:19:22+00:00,error,system,nominal
2026-01-01 04:20:10+00:00,auth_failure,auth,nominal-ish
2026-01-01 04:20:11+00:00,error,system,nominal
2026-01-01 04:24:01+00:00,warning,system,nominal
2026-01-01 04:25:05+00:00,auth_failure,auth,nominal-ish
2026-01-01 04:25:55+00:00,error,system,nominal
2026-01-01 04:26:15+00:00,auth_failure,system,nominal
2026-01-01 04:27:02+00:00,error,system,nominal
2026-01-01 04:27:06+00:00,error,system,nominal
2026-01-01 04:28:16+00:00,warning,system,nominal
2026-01-01 04:29:59+00:00,config_change,system,nominal
2026-01-01 04:30:35+00:00,config_change,system,nominal
2026-01-01 04:30:45+00:00,auth_failure,auth,nominal-ish
2026-01-01 04:31:02+00:00,config_change,system,nominal
2026-01-01 04:31:30+00:00,error,system,nominal
2026-01-01 04:31:58+00:00,auth_failure,auth,nominal-ish
2026-01-01 04:32:20+00:00,process_stop,system,nominal
2026-01-01 04:34:17+00:00,auth_failure,system,nominal
2026-01-01 04:34:23+00:00,process_stop,system,nominal
2026-01-01 04:34:41+00:00,config_change,system,nominal
2026-01-01 04:35:43+00:00,config_change,system,nominal
2026-01-01 04:36:01+00:00,config_change,system,nominal
2026-01-01 04:38:30+00:00,auth_success,system,nominal
2026-01-01 04:40:43+00:00,config_change,system,nominal
2026-01-01 04:41:54+00:00,error,system,nominal
2026-01-01 04:42:35+00:00,error,system,nominal
2026-01-01 04:44:13+00:00,auth_success,system,nominal
2026-01-01 04:45:11+00:00,auth_success,system,nominal
2026-01-01 04:46:39+00:00,process_stop,system,nominal
2026-01-01 04:47:06+00:00,process_stop,system,nominal
2026-01-01 04:48:09+00:00,auth_failure,auth,nominal-ish
2026-01-01 04:48:15+00:00,process_start,system,nominal
2026-01-01 04:49:37+00:00,auth_failure,system,nominal
2026-01-01 04:49:57+00:00,auth_failure,auth,nominal-ish
2026-01-01 04:51:03+00:00,warning,system,nominal
2026-01-01 04:51:26+00:00,auth_failure,auth,nominal-ish
2026-01-01 04:51:29+00:00,auth_failure,system,nominal
2026-01-01 04:52:00+00:00,process_start,system,nominal
2026-01-01 04:53:57+00:00,process_start,system,nominal
2026-01-01 04:54:14+00:00,process_stop,system,nominal
2026-01-01 04:54:32+00:00,auth_success,system,nominal
2026-01-01 04:55:30+00:00,process_stop,system,nominal
2026-01-01 04:57:32+00:00,process_stop,system,nominal
2026-01-01 04:58:26+00:00,auth_failure,auth,nominal-ish
2026-01-01 04:59:21+00:00,auth_success,system,nominal
2026-01-01 05:01:23+00:00,config_change,system,nominal
2026-01-01 05:01:42+00:00,auth_failure,auth,nominal-ish
2026-01-01 05:02:00+00:00,process_stop,system,nominal
2026-01-01 05:02:06+00:00,error,system,nominal
2026-01-01 05:02:17+00:00,process_stop,system,nominal
2026-01-01 05:02:42+00:00,process_stop,system,nominal
2026-01-01 05:03:02+00:00,warning,system,nominal
2026-01-01 05:03:21+00:00,auth_failure,auth,nominal-ish
2026-01-01 05:04:00+00:00,process_stop,system,nominal
2026-01-01 05:04:29+00:00,auth_failure,system,nominal
2026-01-01 05:05:03+00:00,auth_failure,system,nominal
2026-01-01 05:05:56+00:00,config_change,system,nominal
2026-01-01 05:06:03+00:00,error,system,nominal
2026-01-01 05:06:40+00:00,auth_failure,auth,nominal-ish
2026-01-01 05:07:20+00:00,warning,system,nominal
2026-01-01 05:07:33+00:00,auth_failure,system,nominal
2026-01-01 05:09:01+00:00,auth_failure,auth,nominal-ish
2026-01-01 05:09:06+00:00,auth_failure,auth,nominal-ish
2026-01-01 05:09:17+00:00,error,system,nominal
2026-01-01 05:10:59+00:00,process_start,system,nominal
2026-01-01 05:12:14+00:00,error,system,nominal
2026-01-01 05:12:40+00:00,process_start,system,nominal
2026-01-01 05:13:33+00:00,auth_failure,system,nominal
2026-01-01 05:13:50+00:00,auth_failure,auth,nominal-ish
2026-01-01 05:14:03+00:00,warning,system,nominal
2026-01-01 05:14:40+00:00,warning,system,nominal
2026-01-01 05:14:42+00:00,auth_success,system,nominal
2026-01-01 05:15:14+00:00,auth_failure,system,nominal
2026-01-01 05:15:54+00:00,auth_failure,auth,nominal-ish
2026-01-01 05:15:57+00:00,auth_failure,auth,nominal-ish
2026-01-01 05:15:58+00:00,auth_failure,auth,nominal-ish
2026-01-01 05:16:24+00:00,auth_failure,auth,nominal-ish
2026-01-01 05:16:51+00:00,error,system,nominal
2026-01-01 05:18:28+00:00,config_change,system,nominal
2026-01-01 05:18:53+00:00,auth_failure,system,nominal
2026-01-01 05:19:09+00:00,process_start,system,nominal
2026-01-01 05:20:31+00:00,auth_success,system,nominal
2026-01-01 05:21:05+00:00,auth_failure,auth,nominal-ish
2026-01-01 05:21:30+00:00,process_start,system,nominal
2026-01-01 05:21:41+00:00,auth_success,system,nominal
2026-01-01 05:22:15+00:00,process_start,system,nominal
2026-01-01 05:22:24+00:00,auth_failure,auth,nominal-ish
2026-01-01 05:22:42+00:00,auth_failure,auth,nominal-ish
2026-01-01 05:23:22+00:00,config_change,system,nominal
2026-01-01 05:23:56+00:00,auth_failure,system,nominal
2026-01-01 05:25:27+00:00,error,system,nominal
2026-01-01 05:26:59+00:00,process_start,system,nominal
2026-01-01 05:27:17+00:00,auth_failure,system,nominal
2026-01-01 05:27:50+00:00,process_start,system,nominal
2026-01-01 05:28:07+00:00,process_start,system,nominal
2026-01-01 05:31:58+00:00,process_stop,system,nominal
2026-01-01 05:32:53+00:00,error,system,nominal
2026-01-01 05:33:18+00:00,auth_failure,system,nominal
2026-01-01 05:33:49+00:00,auth_failure,auth,nominal-ish
2026-01-01 05:33:51+00:00,config_change,system,nominal
2026-01-01 05:34:17+00:00,auth_failure,system,nominal
2026-01-01 05:34:27+00:00,auth_failure,auth,nominal-ish
2026-01-01 05:34:35+00:00,config_change,system,nominal
2026-01-01 05:34:40+00:00,process_stop,system,nominal
2026-01-01 05:35:04+00:00,config_change,system,nominal
2026-01-01 05:35:45+00:00,process_stop,system,nominal
2026-01-01 05:36:17+00:00,config_change,system,nominal
2026-01-01 05:37:23+00:00,auth_failure,auth,nominal-ish
2026-01-01 05:38:58+00:00,auth_success,system,nominal
2026-01-01 05:39:05+00:00,warning,system,nominal
2026-01-01 05:39:18+00:00,auth_failure,auth,nominal-ish
2026-01-01 05:39:59+00:00,auth_success,system,nominal
2026-01-01 05:40:51+00:00,auth_failure,auth,nominal-ish
2026-01-01 05:42:14+00:00,auth_failure,system,nominal
2026-01-01 05:44:22+00:00,auth_failure,auth,nominal-ish
2026-01-01 05:45:01+00:00,process_stop,system,nominal
2026-01-01 05:45:27+00:00,auth_failure,auth,nominal-ish
2026-01-01 05:45:48+00:00,warning,system,nominal
2026-01-01 05:47:06+00:00,process_stop,system,nominal
2026-01-01 05:47:16+00:00,auth_failure,system,nominal
2026-01-01 05:47:24+00:00,auth_failure,system,nominal
2026-01-01 05:47:37+00:00,error,system,nominal
2026-01-01 05:48:00+00:00,auth_failure,auth,nominal-ish
2026-01-01 05:48:40+00:00,warning,system,nominal
2026-01-01 05:49:11+00:00,process_start,system,nominal
2026-01-01 05:49:26+00:00,auth_failure,auth,nominal-ish
2026-01-01 05:49:42+00:00,process_start,system,nominal
2026-01-01 05:50:03+00:00,auth_failure,auth,nominal-ish
2026-01-01 05:50:11+00:00,error,system,nominal
2026-01-01 05:50:50+00:00,config_change,system,nominal
2026-01-01 05:50:55+00:00,auth_failure,auth,nominal-ish
2026-01-01 05:52:08+00:00,process_stop,system,nominal
2026-01-01 05:53:51+00:00,auth_failure,system,nominal
2026-01-01 05:54:09+00:00,auth_failure,auth,nominal-ish
2026-01-01 05:55:22+00:00,warning,system,nominal
2026-01-01 05:55:32+00:00,auth_failure,auth,nominal-ish
2026-01-01 05:56:02+00:00,auth_failure,auth,nominal-ish
2026-01-01 05:56:05+00:00,auth_failure,auth,nominal-ish
2026-01-01 05:56:15+00:00,warning,system,nominal
2026-01-01 05:56:49+00:00,config_change,system,nominal
2026-01-01 05:59:25+00:00,process_stop,system,nominal
2026-01-01 06:01:04+00:00,auth_failure,system,nominal
2026-01-01 06:01:30+00:00,auth_failure,auth,nominal-ish
2026-01-01 06:01:31+00:00,process_start,system,nominal
2026-01-01 06:01:36+00:00,error,system,nominal
2026-01-01 06:01:41+00:00,process_stop,system,nominal
2026-01-01 06:01:43+00:00,auth_failure,auth,nominal-ish
2026-01-01 06:02:09+00:00,auth_failure,auth,nominal-ish
2026-01-01 06:02:50+00:00,config_change,system,nominal
2026-01-01 06:04:45+00:00,config_change,system,nominal
2026-01-01 06:05:05+00:00,process_start,system,nominal
2026-01-01 06:06:11+00:00,auth_failure,auth,nominal-ish
2026-01-01 06:07:44+00:00,error,system,nominal
2026-01-01 06:07:55+00:00,error,system,nominal
2026-01-01 06:07:57+00:00,auth_failure,system,nominal
2026-01-01 06:09:15+00:00,auth_failure,auth,nominal-ish
2026-01-01 06:10:20+00:00,warning,system,nominal
2026-01-01 06:10:23+00:00,auth_failure,auth,nominal-ish
2026-01-01 06:13:53+00:00,error,system,nominal
2026-01-01 06:14:38+00:00,error,system,nominal
2026-01-01 06:14:56+00:00,auth_failure,auth,nominal-ish
2026-01-01 06:14:58+00:00,auth_failure,system,nominal
2026-01-01 06:15:40+00:00,warning,system,nominal
2026-01-01 06:15:47+00:00,warning,system,nominal
2026-01-01 06:16:06+00:00,auth_failure,system,nominal
2026-01-01 06:16:43+00:00,error,system,nominal
2026-01-01 06:17:34+00:00,process_stop,system,nominal
2026-01-01 06:19:49+00:00,process_stop,system,nominal
2026-01-01 06:20:33+00:00,auth_failure,auth,nominal-ish
2026-01-01 06:20:35+00:00,config_change,system,nominal
2026-01-01 06:20:40+00:00,auth_failure,auth,nominal-ish
2026-01-01 06:20:47+00:00,config_change,system,nominal
2026-01-01 06:21:28+00:00,auth_failure,system,nominal
2026-01-01 06:22:12+00:00,error,system,nominal
2026-01-01 06:22:41+00:00,auth_success,system,nominal
2026-01-01 06:24:35+00:00,config_change,system,nominal
2026-01-01 06:25:33+00:00,auth_success,system,nominal
2026-01-01 06:27:16+00:00,error,system,nominal
2026-01-01 06:27:47+00:00,auth_failure,system,nominal
2026-01-01 06:29:08+00:00,config_change,system,nominal
2026-01-01 06:29:14+00:00,warning,system,nominal
2026-01-01 06:29:36+00:00,auth_failure,system,nominal
2026-01-01 06:29:55+00:00,auth_failure,auth,nominal-ish
2026-01-01 06:30:40+00:00,process_stop,system,nominal
2026-01-01 06:30:55+00:00,process_start,system,nominal
2026-01-01 06:31:19+00:00,process_start,system,nominal
2026-01-01 06:33:19+00:00,process_start,system,nominal
2026-01-01 06:33:32+00:00,process_stop,system,nominal
2026-01-01 06:33:50+00:00,auth_success,system,nominal
2026-01-01 06:34:20+00:00,error,system,nominal
2026-01-01 06:36:15+00:00,auth_success,system,nominal
2026-01-01 06:36:18+00:00,auth_failure,system,nominal
2026-01-01 06:36:34+00:00,auth_failure,system,nominal
2026-01-01 06:38:10+00:00,auth_failure,auth,nominal-ish
2026-01-01 06:38:26+00:00,auth_failure,auth,nominal-ish
2026-01-01 06:39:03+00:00,process_start,system,nominal
2026-01-01 06:39:37+00:00,auth_success,system,nominal
2026-01-01 06:39:55+00:00,config_change,system,nominal
2026-01-01 06:41:03+00:00,warning,system,nominal
2026-01-01 06:42:57+00:00,error,system,nominal
2026-01-01 06:44:05+00:00,auth_failure,auth,nominal-ish
2026-01-01 06:44:28+00:00,process_start,system,nominal
2026-01-01 06:44:34+00:00,auth_failure,auth,nominal-ish
2026-01-01 06:44:57+00:00,warning,system,nominal
2026-01-01 06:45:27+00:00,error,system,nominal
2026-01-01 06:45:51+00:00,auth_failure,system,nominal
2026-01-01 06:46:11+00:00,process_start,system,nominal
2026-01-01 06:46:12+00:00,process_stop,system,nominal
2026-01-01 06:46:18+00:00,process_start,system,nominal
2026-01-01 06:47:58+00:00,warning,system,nominal
2026-01-01 06:48:35+00:00,auth_success,system,nominal
2026-01-01 06:50:14+00:00,error,system,nominal
2026-01-01 06:50:35+00:00,config_change,system,nominal
2026-01-01 06:50:56+00:00,auth_failure,system,nominal
2026-01-01 06:52:16+00:00,process_start,system,nominal
2026-01-01 06:52:42+00:00,warning,system,nominal
2026-01-01 06:53:15+00:00,process_stop,system,nominal
2026-01-01 06:55:08+00:00,process_stop,system,nominal
2026-01-01 06:57:00+00:00,auth_failure,auth,nominal-ish
2026-01-01 06:57:18+00:00,auth_success,system,nominal
2026-01-01 06:57:26+00:00,process_start,system,nominal
2026-01-01 06:58:49+00:00,process_start,system,nominal
2026-01-01 06:58:54+00:00,error,system,nominal
2026-01-01 06:59:01+00:00,auth_failure,system,nominal
2026-01-01 07:00:02+00:00,auth_failure,system,nominal
2026-01-01 07:00:25+00:00,process_start,system,nominal
2026-01-01 07:00:33+00:00,config_change,system,nominal
2026-01-01 07:00:35+00:00,auth_failure,auth,nominal-ish
2026-01-01 07:00:39+00:00,auth_failure,auth,nominal-ish
2026-01-01 07:01:19+00:00,error,system,nominal
2026-01-01 07:01:33+00:00,auth_failure,system,nominal
2026-01-01 07:02:17+00:00,auth_success,system,nominal
2026-01-01 07:02:49+00:00,process_start,system,nominal
2026-01-01 07:03:33+00:00,auth_failure,auth,nominal-ish
2026-01-01 07:04:04+00:00,process_start,system,nominal
2026-01-01 07:04:34+00:00,auth_failure,auth,nominal-ish
2026-01-01 07:04:37+00:00,process_start,system,nominal
2026-01-01 07:04:53+00:00,auth_failure,auth,nominal-ish
2026-01-01 07:04:54+00:00,process_stop,system,nominal
2026-01-01 07:04:58+00:00,error,system,nominal
2026-01-01 07:05:15+00:00,warning,system,nominal
2026-01-01 07:05:57+00:00,error,system,nominal
2026-01-01 07:06:10+00:00,auth_success,system,nominal
2026-01-01 07:07:32+00:00,process_stop,system,nominal
2026-01-01 07:07:55+00:00,process_start,system,nominal
2026-01-01 07:08:31+00:00,warning,system,nominal
2026-01-01 07:08:52+00:00,config_change,system,nominal
2026-01-01 07:09:03+00:00,auth_failure,auth,nominal-ish
2026-01-01 07:09:16+00:00,warning,system,nominal
2026-01-01 07:09:49+00:00,process_start,system,nominal
2026-01-01 07:09:58+00:00,config_change,system,nominal
2026-01-01 07:10:09+00:00,auth_failure,auth,nominal-ish
2026-01-01 07:11:08+00:00,process_start,system,nominal
2026-01-01 07:11:57+00:00,auth_success,system,nominal
2026-01-01 07:12:01+00:00,process_stop,system,nominal
2026-01-01 07:12:16+00:00,auth_failure,auth,nominal-ish
2026-01-01 07:12:29+00:00,auth_failure,system,nominal
2026-01-01 07:12:53+00:00,process_start,system,nominal
2026-01-01 07:14:09+00:00,process_stop,system,nominal
2026-01-01 07:14:33+00:00,warning,system,nominal
2026-01-01 07:15:01+00:00,error,system,nominal
2026-01-01 07:15:10+00:00,warning,system,nominal
2026-01-01 07:15:28+00:00,config_change,system,nominal
2026-01-01 07:15:39+00:00,auth_success,system,nominal
2026-01-01 07:17:01+00:00,auth_failure,auth,nominal-ish
2026-01-01 07:17:47+00:00,warning,system,nominal
2026-01-01 07:20:26+00:00,warning,system,nominal
2026-01-01 07:21:27+00:00,config_change,system,nominal
2026-01-01 07:21:31+00:00,auth_failure,system,nominal
2026-01-01 07:23:01+00:00,process_stop,system,nominal
2026-01-01 07:24:05+00:00,config_change,system,nominal
2026-01-01 07:24:52+00:00,auth_success,system,nominal
2026-01-01 07:25:12+00:00,auth_failure,auth,nominal-ish
2026-01-01 07:26:26+00:00,process_start,system,nominal
2026-01-01 07:26:53+00:00,auth_success,system,nominal
2026-01-01 07:27:10+00:00,process_stop,system,nominal
2026-01-01 07:27:35+00:00,auth_success,system,nominal
2026-01-01 07:28:36+00:00,auth_failure,auth,nominal-ish
2026-01-01 07:29:50+00:00,error,system,nominal
2026-01-01 07:30:03+00:00,config_change,system,nominal
2026-01-01 07:31:25+00:00,process_stop,system,nominal
2026-01-01 07:31:40+00:00,process_stop,system,nominal
2026-01-01 07:36:02+00:00,error,system,nominal
2026-01-01 07:36:06+00:00,error,system,nominal
2026-01-01 07:36:56+00:00,auth_success,system,nominal
2026-01-01 07:37:25+00:00,error,system,nominal
2026-01-01 07:38:38+00:00,warning,system,nominal
2026-01-01 07:40:08+00:00,process_start,system,nominal
2026-01-01 07:40:31+00:00,auth_success,system,nominal
2026-01-01 07:40:37+00:00,error,system,nominal
2026-01-01 07:42:53+00:00,auth_failure,auth,nominal-ish
2026-01-01 07:46:30+00:00,warning,system,nominal
2026-01-01 07:47:21+00:00,error,system,nominal
2026-01-01 07:47:53+00:00,auth_failure,auth,nominal-ish
2026-01-01 07:50:27+00:00,auth_success,system,nominal
2026-01-01 07:50:34+00:00,warning,system,nominal
2026-01-01 07:51:06+00:00,config_change,system,nominal
2026-01-01 07:53:59+00:00,auth_failure,auth,nominal-ish
2026-01-01 07:55:17+00:00,auth_success,system,nominal
2026-01-01 07:55:36+00:00,auth_success,system,nominal
2026-01-01 07:55:49+00:00,auth_failure,system,nominal
2026-01-01 07:56:17+00:00,auth_failure,auth,nominal-ish
2026-01-01 07:59:20+00:00,process_stop,system,nominal
2026-01-01 07:59:38+00:00,auth_failure,auth,nominal-ish
2026-01-01 08:00:06+00:00,config_change,system,nominal
2026-01-01 08:00:08+00:00,warning,system,nominal
2026-01-01 08:00:21+00:00,warning,system,nominal
2026-01-01 08:00:35+00:00,warning,system,nominal
2026-01-01 08:00:49+00:00,auth_failure,system,nominal
2026-01-01 08:01:00+00:00,auth_failure,auth,nominal-ish
2026-01-01 08:01:17+00:00,auth_failure,system,nominal
2026-01-01 08:01:18+00:00,config_change,system,nominal
2026-01-01 08:01:21+00:00,warning,system,nominal
2026-01-01 08:01:33+00:00,warning,system,nominal
2026-01-01 08:02:31+00:00,config_change,system,nominal
2026-01-01 08:03:00+00:00,process_start,system,nominal
2026-01-01 08:03:15+00:00,auth_success,system,nominal
2026-01-01 08:03:35+00:00,warning,system,nominal
2026-01-01 08:04:12+00:00,auth_failure,system,nominal
2026-01-01 08:04:37+00:00,warning,system,nominal
2026-01-01 08:05:07+00:00,auth_failure,auth,nominal-ish
2026-01-01 08:06:01+00:00,process_start,system,nominal
2026-01-01 08:06:15+00:00,warning,system,nominal
2026-01-01 08:08:00+00:00,warning,system,nominal
2026-01-01 08:08:12+00:00,error,system,nominal
2026-01-01 08:09:29+00:00,process_stop,system,nominal
2026-01-01 08:10:07+00:00,auth_failure,auth,nominal-ish
2026-01-01 08:10:26+00:00,warning,system,nominal
2026-01-01 08:13:01+00:00,config_change,system,nominal
2026-01-01 08:13:02+00:00,auth_success,system,nominal
2026-01-01 08:13:05+00:00,auth_failure,auth,nominal-ish
2026-01-01 08:16:15+00:00,auth_failure,auth,nominal-ish
2026-01-01 08:16:35+00:00,auth_failure,auth,nominal-ish
2026-01-01 08:16:44+00:00,process_start,system,nominal
2026-01-01 08:17:01+00:00,auth_success,system,nominal
2026-01-01 08:19:51+00:00,config_change,system,nominal
2026-01-01 08:21:07+00:00,warning,system,nominal
2026-01-01 08:21:09+00:00,process_stop,system,nominal
2026-01-01 08:21:10+00:00,error,system,nominal
2026-01-01 08:21:17+00:00,auth_failure,auth,nominal-ish
2026-01-01 08:22:29+00:00,auth_failure,system,nominal
2026-01-01 08:22:31+00:00,auth_success,system,nominal
2026-01-01 08:24:06+00:00,warning,system,nominal
2026-01-01 08:24:33+00:00,warning,system,nominal
2026-01-01 08:25:42+00:00,config_change,system,nominal
2026-01-01 08:26:39+00:00,process_start,system,nominal
2026-01-01 08:26:47+00:00,auth_failure,system,nominal
2026-01-01 08:27:16+00:00,process_stop,system,nominal
2026-01-01 08:27:28+00:00,auth_failure,auth,nominal-ish
2026-01-01 08:27:55+00:00,config_change,system,nominal
2026-01-01 08:28:42+00:00,process_start,system,nominal
2026-01-01 08:29:24+00:00,config_change,system,nominal
2026-01-01 08:29:40+00:00,process_start,system,nominal
2026-01-01 08:29:57+00:00,auth_failure,system,nominal
2026-01-01 08:31:00+00:00,auth_failure,system,nominal
2026-01-01 08:31:18+00:00,process_stop,system,nominal
2026-01-01 08:32:17+00:00,config_change,system,nominal
2026-01-01 08:32:37+00:00,error,system,nominal
2026-01-01 08:32:44+00:00,auth_success,system,nominal
2026-01-01 08:32:54+00:00,warning,system,nominal
2026-01-01 08:33:41+00:00,warning,system,nominal
2026-01-01 08:34:09+00:00,error,system,nominal
2026-01-01 08:34:59+00:00,config_change,system,nominal
2026-01-01 08:36:22+00:00,error,system,nominal
2026-01-01 08:37:29+00:00,auth_failure,auth,nominal-ish
2026-01-01 08:37:31+00:00,auth_failure,system,nominal
2026-01-01 08:38:14+00:00,warning,system,nominal
2026-01-01 08:38:47+00:00,process_stop,system,nominal
2026-01-01 08:40:56+00:00,config_change,system,nominal
2026-01-01 08:42:14+00:00,process_stop,system,nominal
2026-01-01 08:42:22+00:00,auth_success,system,nominal
2026-01-01 08:42:33+00:00,process_start,system,nominal
2026-01-01 08:42:48+00:00,auth_success,system,nominal
2026-01-01 08:43:20+00:00,config_change,system,nominal
2026-01-01 08:43:59+00:00,auth_failure,auth,nominal-ish
2026-01-01 08:44:35+00:00,process_start,system,nominal
2026-01-01 08:44:38+00:00,auth_success,system,nominal
2026-01-01 08:44:53+00:00,process_start,system,nominal
2026-01-01 08:45:19+00:00,auth_failure,auth,nominal-ish
2026-01-01 08:46:35+00:00,process_stop,system,nominal
2026-01-01 08:47:20+00:00,config_change,system,nominal
2026-01-01 08:47:22+00:00,warning,system,nominal
2026-01-01 08:47:29+00:00,process_stop,system,nominal
2026-01-01 08:49:18+00:00,auth_success,system,nominal
2026-01-01 08:49:19+00:00,auth_success,system,nominal
2026-01-01 08:51:00+00:00,config_change,system,nominal
2026-01-01 08:51:15+00:00,process_stop,system,nominal
2026-01-01 08:51:55+00:00,process_start,system,nominal
2026-01-01 08:52:27+00:00,auth_failure,auth,nominal-ish
2026-01-01 08:52:42+00:00,process_stop,system,nominal
2026-01-01 08:53:13+00:00,auth_failure,auth,nominal-ish
2026-01-01 08:53:15+00:00,auth_failure,system,nominal
2026-01-01 08:53:32+00:00,error,system,nominal
2026-01-01 08:53:42+00:00,auth_failure,auth,nominal-ish
2026-01-01 08:55:09+00:00,auth_success,system,nominal
2026-01-01 08:55:30+00:00,process_stop,system,nominal
2026-01-01 08:55:37+00:00,auth_failure,system,nominal
2026-01-01 08:55:43+00:00,auth_failure,auth,nominal-ish
2026-01-01 08:55:45+00:00,error,system,nominal
2026-01-01 08:55:48+00:00,warning,system,nominal
2026-01-01 08:56:31+00:00,process_stop,system,nominal
2026-01-01 08:56:49+00:00,config_change,system,nominal
2026-01-01 08:57:17+00:00,process_start,system,nominal
2026-01-01 08:58:40+00:00,auth_failure,auth,nominal-ish
2026-01-01 08:59:28+00:00,auth_failure,auth,nominal-ish
2026-01-01 08:59:52+00:00,auth_failure,auth,nominal-ish
2026-01-01 08:59:57+00:00,error,system,nominal
2026-01-01 09:00:01+00:00,auth_failure,system,nominal
2026-01-01 09:00:35+00:00,auth_failure,auth,nominal-ish
2026-01-01 09:01:45+00:00,auth_failure,auth,nominal-ish
2026-01-01 09:02:17+00:00,auth_failure,auth,nominal-ish
2026-01-01 09:05:07+00:00,error,system,nominal
2026-01-01 09:05:20+00:00,auth_failure,system,nominal
2026-01-01 09:05:31+00:00,auth_success,system,nominal
2026-01-01 09:05:51+00:00,auth_failure,auth,nominal-ish
2026-01-01 09:07:46+00:00,auth_success,system,nominal
2026-01-01 09:08:46+00:00,auth_failure,auth,nominal-ish
2026-01-01 09:08:51+00:00,error,system,nominal
2026-01-01 09:09:40+00:00,process_stop,system,nominal
2026-01-01 09:11:20+00:00,auth_failure,auth,nominal-ish
2026-01-01 09:11:45+00:00,auth_failure,auth,nominal-ish
2026-01-01 09:11:49+00:00,config_change,system,nominal
2026-01-01 09:12:26+00:00,auth_failure,auth,nominal-ish
2026-01-01 09:14:34+00:00,auth_failure,auth,nominal-ish
2026-01-01 09:15:13+00:00,warning,system,nominal
2026-01-01 09:15:34+00:00,auth_failure,auth,nominal-ish
2026-01-01 09:15:36+00:00,warning,system,nominal
2026-01-01 09:15:38+00:00,error,system,nominal
2026-01-01 09:19:22+00:00,auth_failure,system,nominal
2026-01-01 09:19:34+00:00,auth_failure,auth,nominal-ish
2026-01-01 09:19:40+00:00,process_stop,system,nominal
2026-01-01 09:20:11+00:00,process_start,system,nominal
2026-01-01 09:20:14+00:00,auth_success,system,nominal
2026-01-01 09:21:15+00:00,auth_success,system,nominal
2026-01-01 09:21:46+00:00,process_stop,system,nominal
2026-01-01 09:22:31+00:00,config_change,system,nominal
2026-01-01 09:23:07+00:00,auth_failure,auth,nominal-ish
2026-01-01 09:24:41+00:00,auth_failure,auth,nominal-ish
2026-01-01 09:24:43+00:00,process_stop,system,nominal
2026-01-01 09:25:18+00:00,auth_failure,auth,nominal-ish
2026-01-01 09:26:16+00:00,auth_success,system,nominal
2026-01-01 09:26:52+00:00,error,system,nominal
2026-01-01 09:28:56+00:00,process_start,system,nominal
2026-01-01 09:30:59+00:00,auth_failure,auth,nominal-ish
2026-01-01 09:32:54+00:00,warning,system,nominal
2026-01-01 09:33:25+00:00,config_change,system,nominal
2026-01-01 09:34:54+00:00,warning,system,nominal
2026-01-01 09:35:01+00:00,auth_failure,system,nominal
2026-01-01 09:35:17+00:00,auth_failure,auth,nominal-ish
2026-01-01 09:36:25+00:00,config_change,system,nominal
2026-01-01 09:37:35+00:00,process_stop,system,nominal
2026-01-01 09:37:55+00:00,auth_success,system,nominal
2026-01-01 09:40:17+00:00,process_stop,system,nominal
2026-01-01 09:41:24+00:00,process_stop,system,nominal
2026-01-01 09:41:29+00:00,error,system,nominal
2026-01-01 09:41:54+00:00,error,system,nominal
2026-01-01 09:44:44+00:00,auth_failure,auth,nominal-ish
2026-01-01 09:45:39+00:00,warning,system,nominal
2026-01-01 09:46:18+00:00,config_change,system,nominal
2026-01-01 09:46:26+00:00,auth_failure,auth,nominal-ish
2026-01-01 09:46:56+00:00,process_stop,system,nominal
2026-01-01 09:47:39+00:00,warning,system,nominal
2026-01-01 09:48:38+00:00,config_change,system,nominal
2026-01-01 09:49:17+00:00,auth_failure,system,nominal
2026-01-01 09:50:42+00:00,config_change,system,nominal
2026-01-01 09:51:03+00:00,auth_success,system,nominal
2026-01-01 09:53:26+00:00,auth_failure,system,nominal
2026-01-01 09:53:47+00:00,auth_failure,system,nominal
2026-01-01 09:55:15+00:00,process_start,system,nominal
2026-01-01 09:56:35+00:00,auth_failure,auth,nominal-ish
2026-01-01 09:56:58+00:00,process_start,system,nominal
2026-01-01 09:57:02+00:00,config_change,system,nominal
2026-01-01 09:57:04+00:00,process_start,system,nominal
2026-01-01 09:57:43+00:00,auth_success,system,nominal
2026-01-01 09:57:46+00:00,process_start,system,nominal
2026-01-01 09:58:20+00:00,config_change,system,nominal
2026-01-01 09:58:30+00:00,config_change,system,nominal
2026-01-01 09:58:35+00:00,auth_failure,auth,nominal-ish
2026-01-01 09:58:45+00:00,auth_failure,system,nominal
2026-01-01 09:59:27+00:00,process_stop,system,nominal
2026-01-01 09:59:31+00:00,auth_failure,auth,nominal-ish
2026-01-01 10:00:31+00:00,process_start,system,nominal
2026-01-01 10:00:36+00:00,process_stop,system,nominal
2026-01-01 10:00:51+00:00,auth_failure,auth,nominal-ish
2026-01-01 10:01:09+00:00,config_change,system,nominal
2026-01-01 10:02:56+00:00,auth_failure,system,nominal
2026-01-01 10:03:47+00:00,auth_success,system,nominal
2026-01-01 10:03:56+00:00,process_start,system,nominal
2026-01-01 10:04:16+00:00,auth_failure,auth,nominal-ish
2026-01-01 10:04:34+00:00,process_start,system,nominal
2026-01-01 10:06:24+00:00,process_start,system,nominal
2026-01-01 10:07:07+00:00,warning,system,nominal
2026-01-01 10:08:30+00:00,auth_failure,system,nominal
2026-01-01 10:08:39+00:00,config_change,system,nominal
2026-01-01 10:09:02+00:00,config_change,system,nominal
2026-01-01 10:09:12+00:00,auth_failure,auth,nominal-ish
2026-01-01 10:10:19+00:00,auth_failure,auth,nominal-ish
2026-01-01 10:10:22+00:00,auth_failure,system,nominal
2026-01-01 10:11:43+00:00,auth_failure,auth,nominal-ish
2026-01-01 10:12:07+00:00,auth_failure,system,nominal
2026-01-01 10:15:04+00:00,auth_success,system,nominal
2026-01-01 10:15:59+00:00,config_change,system,nominal
2026-01-01 10:16:06+00:00,auth_failure,auth,nominal-ish
2026-01-01 10:16:44+00:00,config_change,system,nominal
2026-01-01 10:16:46+00:00,error,system,nominal
2026-01-01 10:18:12+00:00,auth_success,system,nominal
2026-01-01 10:18:13+00:00,error,system,nominal
2026-01-01 10:19:31+00:00,process_stop,system,nominal
2026-01-01 10:19:32+00:00,config_change,system,nominal
2026-01-01 10:19:43+00:00,warning,system,nominal
2026-01-01 10:20:43+00:00,auth_failure,system,nominal
2026-01-01 10:21:20+00:00,auth_failure,auth,nominal-ish
2026-01-01 10:21:54+00:00,auth_success,system,nominal
2026-01-01 10:22:30+00:00,auth_failure,system,nominal
2026-01-01 10:24:17+00:00,auth_failure,auth,nominal-ish
2026-01-01 10:25:20+00:00,error,system,nominal
2026-01-01 10:26:21+00:00,error,system,nominal
2026-01-01 10:26:55+00:00,error,system,nominal
2026-01-01 10:27:19+00:00,auth_failure,system,nominal
2026-01-01 10:27:37+00:00,auth_failure,system,nominal
2026-01-01 10:27:45+00:00,auth_failure,auth,nominal-ish
2026-01-01 10:28:26+00:00,auth_success,system,nominal
2026-01-01 10:29:26+00:00,config_change,system,nominal
2026-01-01 10:29:38+00:00,auth_failure,auth,nominal-ish
2026-01-01 10:29:46+00:00,auth_failure,auth,nominal-ish
2026-01-01 10:31:14+00:00,auth_failure,system,nominal
2026-01-01 10:32:13+00:00,warning,system,nominal
2026-01-01 10:33:31+00:00,config_change,system,nominal
2026-01-01 10:34:12+00:00,process_start,system,nominal
2026-01-01 10:34:14+00:00,process_start,system,nominal
2026-01-01 10:34:41+00:00,error,system,nominal
2026-01-01 10:35:11+00:00,auth_failure,auth,nominal-ish
2026-01-01 10:38:39+00:00,config_change,system,nominal
2026-01-01 10:39:43+00:00,auth_success,system,nominal
2026-01-01 10:39:51+00:00,auth_failure,system,nominal
2026-01-01 10:40:13+00:00,warning,system,nominal
2026-01-01 10:42:08+00:00,error,system,nominal
2026-01-01 10:42:29+00:00,error,system,nominal
2026-01-01 10:44:18+00:00,process_stop,system,nominal
2026-01-01 10:44:34+00:00,auth_failure,system,nominal
2026-01-01 10:44:45+00:00,warning,system,nominal
2026-01-01 10:45:37+00:00,error,system,nominal
2026-01-01 10:45:43+00:00,config_change,system,nominal
2026-01-01 10:46:05+00:00,process_start,system,nominal
2026-01-01 10:48:57+00:00,config_change,system,nominal
2026-01-01 10:50:03+00:00,auth_failure,auth,nominal-ish
2026-01-01 10:50:48+00:00,process_stop,system,nominal
2026-01-01 10:51:53+00:00,error,system,nominal
2026-01-01 10:52:00+00:00,config_change,system,nominal
2026-01-01 10:52:29+00:00,auth_failure,system,nominal
2026-01-01 10:52:49+00:00,process_stop,system,nominal
2026-01-01 10:52:54+00:00,auth_failure,auth,nominal-ish
2026-01-01 10:53:24+00:00,warning,system,nominal
2026-01-01 10:53:49+00:00,warning,system,nominal
2026-01-01 10:53:58+00:00,auth_success,system,nominal
2026-01-01 10:53:59+00:00,auth_failure,auth,nominal-ish
2026-01-01 10:54:58+00:00,auth_failure,auth,nominal-ish
2026-01-01 10:56:04+00:00,process_stop,system,nominal
2026-01-01 10:56:46+00:00,auth_failure,auth,nominal-ish
2026-01-01 10:57:07+00:00,auth_success,system,nominal
2026-01-01 10:57:28+00:00,auth_success,system,nominal
2026-01-01 10:57:29+00:00,auth_failure,auth,nominal-ish
2026-01-01 10:59:44+00:00,auth_failure,auth,nominal-ish
2026-01-01 11:00:10+00:00,auth_success,system,nominal
2026-01-01 11:00:11+00:00,auth_failure,auth,nominal-ish
2026-01-01 11:01:59+00:00,config_change,system,nominal
2026-01-01 11:02:49+00:00,process_stop,system,nominal
2026-01-01 11:03:44+00:00,auth_failure,system,nominal
2026-01-01 11:04:02+00:00,process_start,system,nominal
2026-01-01 11:04:24+00:00,warning,system,nominal
2026-01-01 11:04:34+00:00,auth_failure,auth,nominal-ish
2026-01-01 11:05:14+00:00,auth_failure,auth,nominal-ish
2026-01-01 11:06:25+00:00,process_stop,system,nominal
2026-01-01 11:06:58+00:00,auth_failure,system,nominal
2026-01-01 11:07:03+00:00,auth_failure,auth,nominal-ish
2026-01-01 11:07:05+00:00,auth_failure,auth,nominal-ish
2026-01-01 11:07:41+00:00,warning,system,nominal
2026-01-01 11:07:52+00:00,warning,system,nominal
2026-01-01 11:07:54+00:00,auth_failure,system,nominal
2026-01-01 11:08:39+00:00,process_start,system,nominal
2026-01-01 11:10:30+00:00,warning,system,nominal
2026-01-01 11:10:37+00:00,auth_failure,auth,nominal-ish
2026-01-01 11:11:10+00:00,auth_failure,auth,nominal-ish
2026-01-01 11:12:34+00:00,process_start,system,nominal
2026-01-01 11:14:10+00:00,error,system,nominal
2026-01-01 11:14:41+00:00,auth_failure,system,nominal
2026-01-01 11:15:01+00:00,config_change,system,nominal
2026-01-01 11:15:23+00:00,warning,system,nominal
2026-01-01 11:16:27+00:00,process_stop,system,nominal
2026-01-01 11:16:39+00:00,auth_success,system,nominal
2026-01-01 11:16:42+00:00,warning,system,nominal
2026-01-01 11:16:49+00:00,auth_success,system,nominal
2026-01-01 11:16:50+00:00,error,system,nominal
2026-01-01 11:18:06+00:00,auth_failure,auth,nominal-ish
2026-01-01 11:19:06+00:00,process_start,system,nominal
2026-01-01 11:22:35+00:00,config_change,system,nominal
2026-01-01 11:22:41+00:00,auth_failure,system,nominal
2026-01-01 11:23:56+00:00,config_change,system,nominal
2026-01-01 11:24:33+00:00,auth_failure,system,nominal
2026-01-01 11:24:37+00:00,error,system,nominal
2026-01-01 11:25:35+00:00,error,system,nominal
2026-01-01 11:26:15+00:00,config_change,system,nominal
2026-01-01 11:26:16+00:00,auth_failure,auth,nominal-ish
2026-01-01 11:26:29+00:00,process_stop,system,nominal
2026-01-01 11:26:34+00:00,auth_success,system,nominal
2026-01-01 11:26:36+00:00,process_stop,system,nominal
2026-01-01 11:27:47+00:00,warning,system,nominal
2026-01-01 11:28:01+00:00,auth_failure,auth,nominal-ish
2026-01-01 11:28:10+00:00,process_stop,system,nominal
2026-01-01 11:28:48+00:00,warning,system,nominal
2026-01-01 11:30:28+00:00,error,system,nominal
2026-01-01 11:32:13+00:00,process_stop,system,nominal
2026-01-01 11:32:28+00:00,warning,system,nominal
2026-01-01 11:33:04+00:00,auth_success,system,nominal
2026-01-01 11:33:30+00:00,auth_success,system,nominal
2026-01-01 11:34:35+00:00,auth_failure,auth,nominal-ish
2026-01-01 11:34:45+00:00,process_stop,system,nominal
2026-01-01 11:35:19+00:00,process_start,system,nominal
2026-01-01 11:35:48+00:00,error,system,nominal
2026-01-01 11:36:13+00:00,auth_failure,auth,nominal-ish
2026-01-01 11:36:17+00:00,auth_success,system,nominal
2026-01-01 11:36:33+00:00,auth_failure,auth,nominal-ish
2026-01-01 11:36:42+00:00,auth_failure,auth,nominal-ish
2026-01-01 11:37:22+00:00,config_change,system,nominal
2026-01-01 11:38:12+00:00,auth_failure,system,nominal
2026-01-01 11:40:03+00:00,auth_failure,auth,nominal-ish
2026-01-01 11:40:09+00:00,process_stop,system,nominal
2026-01-01 11:41:49+00:00,auth_failure,auth,nominal-ish
2026-01-01 11:44:34+00:00,auth_success,system,nominal
2026-01-01 11:45:05+00:00,process_stop,system,nominal
2026-01-01 11:45:16+00:00,config_change,system,nominal
2026-01-01 11:45:48+00:00,auth_success,system,nominal
2026-01-01 11:47:56+00:00,process_stop,system,nominal
2026-01-01 11:48:00+00:00,warning,system,nominal
2026-01-01 11:48:09+00:00,process_start,system,nominal
2026-01-01 11:48:19+00:00,warning,system,nominal
2026-01-01 11:49:19+00:00,warning,system,nominal
2026-01-01 11:50:45+00:00,config_change,system,nominal
2026-01-01 11:52:13+00:00,process_stop,system,nominal
2026-01-01 11:52:51+00:00,error,system,nominal
2026-01-01 11:53:08+00:00,config_change,system,nominal
2026-01-01 11:53:22+00:00,auth_success,system,nominal
2026-01-01 11:53:52+00:00,auth_failure,auth,nominal-ish
2026-01-01 11:54:25+00:00,auth_failure,system,nominal
2026-01-01 11:56:54+00:00,error,system,nominal
2026-01-01 11:58:11+00:00,error,system,nominal
2026-01-01 11:58:16+00:00,auth_success,system,nominal
2026-01-01 12:00:29+00:00,process_start,system,nominal
2026-01-01 12:00:43+00:00,auth_failure,system,nominal
2026-01-01 12:01:34+00:00,warning,system,nominal
2026-01-01 12:02:14+00:00,auth_success,system,nominal
2026-01-01 12:02:40+00:00,config_change,system,nominal
2026-01-01 12:02:52+00:00,process_start,system,nominal
2026-01-01 12:03:24+00:00,config_change,system,nominal
2026-01-01 12:03:48+00:00,auth_failure,auth,nominal-ish
2026-01-01 12:04:22+00:00,error,system,nominal
2026-01-01 12:05:01+00:00,auth_failure,system,nominal
2026-01-01 12:06:06+00:00,auth_failure,system,nominal
2026-01-01 12:06:46+00:00,error,system,nominal
2026-01-01 12:06:54+00:00,auth_failure,auth,nominal-ish
2026-01-01 12:07:58+00:00,auth_failure,auth,nominal-ish
2026-01-01 12:09:00+00:00,error,system,nominal
2026-01-01 12:11:06+00:00,auth_failure,system,nominal
2026-01-01 12:11:13+00:00,config_change,system,nominal
2026-01-01 12:11:16+00:00,process_stop,system,nominal
2026-01-01 12:11:40+00:00,process_start,system,nominal
2026-01-01 12:11:55+00:00,auth_failure,auth,nominal-ish
2026-01-01 12:12:37+00:00,warning,system,nominal
2026-01-01 12:13:19+00:00,error,system,nominal
2026-01-01 12:14:20+00:00,auth_failure,auth,nominal-ish
2026-01-01 12:15:01+00:00,warning,system,nominal
2026-01-01 12:16:03+00:00,config_change,system,nominal
2026-01-01 12:17:19+00:00,auth_success,system,nominal
2026-01-01 12:18:37+00:00,process_stop,system,nominal
2026-01-01 12:21:31+00:00,auth_failure,auth,nominal-ish
2026-01-01 12:23:03+00:00,config_change,system,nominal
2026-01-01 12:24:01+00:00,auth_failure,auth,nominal-ish
2026-01-01 12:24:44+00:00,process_start,system,nominal
2026-01-01 12:24:59+00:00,warning,system,nominal
2026-01-01 12:26:04+00:00,process_start,system,nominal
2026-01-01 12:26:19+00:00,auth_failure,system,nominal
2026-01-01 12:26:37+00:00,error,system,nominal
2026-01-01 12:28:27+00:00,process_stop,system,nominal
2026-01-01 12:29:08+00:00,auth_failure,auth,nominal-ish
2026-01-01 12:29:12+00:00,config_change,system,nominal
2026-01-01 12:29:51+00:00,auth_success,system,nominal
2026-01-01 12:30:19+00:00,process_stop,system,nominal
2026-01-01 12:30:31+00:00,warning,system,nominal
2026-01-01 12:30:42+00:00,config_change,system,nominal
2026-01-01 12:31:27+00:00,auth_success,system,nominal
2026-01-01 12:31:58+00:00,warning,system,nominal
2026-01-01 12:32:55+00:00,process_stop,system,nominal
2026-01-01 12:33:10+00:00,error,system,nominal
2026-01-01 12:36:00+00:00,process_stop,system,nominal
2026-01-01 12:36:02+00:00,auth_failure,auth,nominal-ish
2026-01-01 12:36:23+00:00,warning,system,nominal
2026-01-01 12:36:35+00:00,auth_failure,auth,nominal-ish
2026-01-01 12:37:13+00:00,auth_failure,system,nominal
2026-01-01 12:37:47+00:00,auth_success,system,nominal
2026-01-01 12:39:15+00:00,auth_failure,auth,nominal-ish
2026-01-01 12:40:24+00:00,warning,system,nominal
2026-01-01 12:40:53+00:00,auth_success,system,nominal
2026-01-01 12:40:55+00:00,config_change,system,nominal
2026-01-01 12:41:38+00:00,process_start,system,nominal
2026-01-01 12:41:47+00:00,config_change,system,nominal
2026-01-01 12:42:39+00:00,auth_failure,auth,nominal-ish
2026-01-01 12:43:13+00:00,error,system,nominal
2026-01-01 12:43:20+00:00,auth_failure,system,nominal
2026-01-01 12:43:24+00:00,error,system,nominal
2026-01-01 12:44:09+00:00,config_change,system,nominal
2026-01-01 12:44:21+00:00,config_change,system,nominal
2026-01-01 12:44:54+00:00,process_stop,system,nominal
2026-01-01 12:45:37+00:00,process_stop,system,nominal
2026-01-01 12:45:48+00:00,process_start,system,nominal
2026-01-01 12:46:28+00:00,process_start,system,nominal
2026-01-01 12:46:48+00:00,auth_success,system,nominal
2026-01-01 12:49:08+00:00,config_change,system,nominal
2026-01-01 12:49:10+00:00,process_start,system,nominal
2026-01-01 12:49:23+00:00,auth_failure,auth,nominal-ish
2026-01-01 12:49:53+00:00,warning,system,nominal
2026-01-01 12:49:54+00:00,process_start,system,nominal
2026-01-01 12:51:27+00:00,auth_failure,system,nominal
2026-01-01 12:51:32+00:00,auth_success,system,nominal
2026-01-01 12:51:55+00:00,error,system,nominal
2026-01-01 12:52:43+00:00,config_change,system,nominal
2026-01-01 12:52:57+00:00,auth_failure,system,nominal
2026-01-01 12:53:06+00:00,auth_failure,system,nominal
2026-01-01 12:53:32+00:00,auth_success,system,nominal
2026-01-01 12:54:14+00:00,auth_failure,system,nominal
2026-01-01 12:55:09+00:00,error,system,nominal
2026-01-01 12:56:04+00:00,process_stop,system,nominal
2026-01-01 12:56:17+00:00,warning,system,nominal
2026-01-01 12:57:26+00:00,auth_failure,auth,nominal-ish
2026-01-01 12:58:00+00:00,process_stop,system,nominal
2026-01-01 12:58:34+00:00,auth_failure,system,nominal
2026-01-01 12:59:17+00:00,warning,system,nominal
2026-01-01 13:01:06+00:00,process_start,system,nominal
2026-01-01 13:04:31+00:00,warning,system,nominal
2026-01-01 13:04:59+00:00,auth_failure,auth,nominal-ish
2026-01-01 13:05:34+00:00,warning,system,nominal
2026-01-01 13:05:52+00:00,error,system,nominal
2026-01-01 13:06:00+00:00,auth_failure,auth,nominal-ish
2026-01-01 13:06:36+00:00,warning,system,nominal
2026-01-01 13:07:13+00:00,auth_failure,system,nominal
2026-01-01 13:07:32+00:00,auth_success,system,nominal
2026-01-01 13:07:33+00:00,process_stop,system,nominal
2026-01-01 13:07:46+00:00,auth_failure,auth,nominal-ish
2026-01-01 13:08:15+00:00,warning,system,nominal
2026-01-01 13:08:55+00:00,process_stop,system,nominal
2026-01-01 13:09:46+00:00,config_change,system,nominal
2026-01-01 13:09:49+00:00,auth_failure,auth,nominal-ish
2026-01-01 13:10:20+00:00,warning,system,nominal
2026-01-01 13:10:43+00:00,process_start,system,nominal
2026-01-01 13:10:52+00:00,auth_failure,system,nominal
2026-01-01 13:11:34+00:00,warning,system,nominal
2026-01-01 13:11:50+00:00,config_change,system,nominal
2026-01-01 13:13:21+00:00,process_stop,system,nominal
2026-01-01 13:13:32+00:00,auth_failure,system,nominal
2026-01-01 13:14:01+00:00,process_stop,system,nominal
2026-01-01 13:17:09+00:00,warning,system,nominal
2026-01-01 13:17:28+00:00,auth_failure,system,nominal
2026-01-01 13:17:43+00:00,auth_failure,system,nominal
2026-01-01 13:19:58+00:00,warning,system,nominal
2026-01-01 13:20:01+00:00,config_change,system,nominal
2026-01-01 13:20:25+00:00,auth_failure,auth,nominal-ish
2026-01-01 13:20:30+00:00,auth_success,system,nominal
2026-01-01 13:20:42+00:00,error,system,nominal
2026-01-01 13:21:06+00:00,auth_success,system,nominal
2026-01-01 13:21:32+00:00,config_change,system,nominal
2026-01-01 13:22:11+00:00,process_start,system,nominal
2026-01-01 13:22:41+00:00,process_stop,system,nominal
2026-01-01 13:22:47+00:00,error,system,nominal
2026-01-01 13:24:00+00:00,config_change,system,nominal
2026-01-01 13:24:16+00:00,process_start,system,nominal
2026-01-01 13:24:18+00:00,process_stop,system,nominal
2026-01-01 13:24:59+00:00,process_start,system,nominal
2026-01-01 13:25:27+00:00,auth_failure,auth,nominal-ish
2026-01-01 13:26:06+00:00,warning,system,nominal
2026-01-01 13:26:27+00:00,auth_failure,auth,nominal-ish
2026-01-01 13:26:34+00:00,error,system,nominal
2026-01-01 13:27:15+00:00,auth_success,system,nominal
2026-01-01 13:27:29+00:00,error,system,nominal
2026-01-01 13:27:33+00:00,error,system,nominal
2026-01-01 13:27:51+00:00,auth_success,system,nominal
2026-01-01 13:28:07+00:00,auth_failure,auth,nominal-ish
2026-01-01 13:30:36+00:00,auth_success,system,nominal
2026-01-01 13:31:13+00:00,process_start,system,nominal
2026-01-01 13:31:17+00:00,config_change,system,nominal
2026-01-01 13:31:21+00:00,error,system,nominal
2026-01-01 13:31:35+00:00,error,system,nominal
2026-01-01 13:32:05+00:00,warning,system,nominal
2026-01-01 13:32:56+00:00,auth_success,system,nominal
2026-01-01 13:33:23+00:00,process_stop,system,nominal
2026-01-01 13:34:02+00:00,auth_failure,auth,nominal-ish
2026-01-01 13:35:06+00:00,error,system,nominal
2026-01-01 13:35:43+00:00,config_change,system,nominal
2026-01-01 13:35:45+00:00,auth_failure,auth,nominal-ish
2026-01-01 13:35:59+00:00,error,system,nominal
2026-01-01 13:36:07+00:00,auth_failure,auth,nominal-ish
2026-01-01 13:36:30+00:00,auth_failure,auth,nominal-ish
2026-01-01 13:38:20+00:00,process_start,system,nominal
2026-01-01 13:38:34+00:00,auth_success,system,nominal
2026-01-01 13:39:40+00:00,auth_success,system,nominal
2026-01-01 13:40:02+00:00,config_change,system,nominal
2026-01-01 13:40:05+00:00,config_change,system,nominal
2026-01-01 13:41:25+00:00,config_change,system,nominal
2026-01-01 13:41:51+00:00,auth_failure,auth,nominal-ish
2026-01-01 13:42:20+00:00,warning,system,nominal
2026-01-01 13:43:42+00:00,auth_failure,auth,nominal-ish
2026-01-01 13:43:44+00:00,warning,system,nominal
2026-01-01 13:44:19+00:00,error,system,nominal
2026-01-01 13:44:32+00:00,error,system,nominal
2026-01-01 13:44:59+00:00,auth_failure,system,nominal
2026-01-01 13:45:49+00:00,auth_failure,auth,nominal-ish
2026-01-01 13:46:00+00:00,process_stop,system,nominal
2026-01-01 13:46:28+00:00,process_stop,system,nominal
2026-01-01 13:47:22+00:00,auth_failure,auth,nominal-ish
2026-01-01 13:47:56+00:00,auth_failure,system,nominal
2026-01-01 13:48:18+00:00,auth_success,system,nominal
2026-01-01 13:49:34+00:00,auth_failure,auth,nominal-ish
2026-01-01 13:49:48+00:00,process_start,system,nominal
2026-01-01 13:49:52+00:00,error,system,nominal
2026-01-01 13:49:56+00:00,auth_failure,system,nominal
2026-01-01 13:50:17+00:00,auth_failure,auth,nominal-ish
2026-01-01 13:51:20+00:00,auth_success,system,nominal
2026-01-01 13:51:26+00:00,error,system,nominal
2026-01-01 13:52:10+00:00,auth_failure,auth,nominal-ish
2026-01-01 13:52:36+00:00,process_stop,system,nominal
2026-01-01 13:52:43+00:00,auth_success,system,nominal
2026-01-01 13:52:45+00:00,warning,system,nominal
2026-01-01 13:52:52+00:00,auth_success,system,nominal
2026-01-01 13:54:20+00:00,auth_failure,auth,nominal-ish
2026-01-01 13:55:49+00:00,warning,system,nominal
2026-01-01 13:56:09+00:00,auth_failure,system,nominal
2026-01-01 13:56:10+00:00,error,system,nominal
2026-01-01 13:56:25+00:00,auth_failure,system,nominal
2026-01-01 13:57:10+00:00,process_stop,system,nominal
2026-01-01 13:59:20+00:00,auth_failure,auth,nominal-ish
2026-01-01 13:59:44+00:00,auth_failure,auth,nominal-ish
2026-01-01 13:59:45+00:00,warning,system,nominal
2026-01-01 13:59:50+00:00,config_change,system,nominal
2026-01-01 14:00:10+00:00,config_change,system,nominal
2026-01-01 14:00:21+00:00,warning,system,nominal
2026-01-01 14:01:42+00:00,process_stop,system,nominal
2026-01-01 14:03:00+00:00,auth_success,system,nominal
2026-01-01 14:03:12+00:00,auth_failure,system,nominal
2026-01-01 14:03:52+00:00,auth_failure,system,nominal
2026-01-01 14:04:08+00:00,auth_success,system,nominal
2026-01-01 14:04:53+00:00,process_start,system,nominal
2026-01-01 14:04:54+00:00,process_stop,system,nominal
2026-01-01 14:05:13+00:00,auth_failure,auth,nominal-ish
2026-01-01 14:05:55+00:00,auth_failure,auth,nominal-ish
2026-01-01 14:07:50+00:00,auth_failure,auth,nominal-ish
2026-01-01 14:08:08+00:00,auth_failure,auth,nominal-ish
2026-01-01 14:08:29+00:00,auth_failure,auth,nominal-ish
2026-01-01 14:09:35+00:00,config_change,system,nominal
2026-01-01 14:09:59+00:00,auth_failure,system,nominal
2026-01-01 14:11:22+00:00,auth_failure,auth,nominal-ish
2026-01-01 14:12:23+00:00,auth_success,system,nominal
2026-01-01 14:13:06+00:00,config_change,system,nominal
2026-01-01 14:13:25+00:00,process_stop,system,nominal
2026-01-01 14:14:13+00:00,auth_failure,system,nominal
2026-01-01 14:14:50+00:00,process_stop,system,nominal
2026-01-01 14:15:25+00:00,error,system,nominal
2026-01-01 14:15:34+00:00,process_stop,system,nominal
2026-01-01 14:15:43+00:00,process_start,system,nominal
2026-01-01 14:16:07+00:00,error,system,nominal
2026-01-01 14:18:30+00:00,process_stop,system,nominal
2026-01-01 14:18:50+00:00,auth_failure,auth,nominal-ish
2026-01-01 14:19:30+00:00,auth_failure,system,nominal
2026-01-01 14:20:50+00:00,error,system,nominal
2026-01-01 14:21:17+00:00,auth_failure,auth,nominal-ish
2026-01-01 14:21:39+00:00,auth_failure,auth,nominal-ish
2026-01-01 14:21:42+00:00,auth_failure,auth,nominal-ish
2026-01-01 14:25:15+00:00,process_stop,system,nominal
2026-01-01 14:25:39+00:00,auth_failure,system,nominal
2026-01-01 14:25:45+00:00,auth_success,system,nominal
2026-01-01 14:26:14+00:00,auth_success,system,nominal
2026-01-01 14:27:55+00:00,auth_success,system,nominal
2026-01-01 14:27:58+00:00,error,system,nominal
2026-01-01 14:28:22+00:00,error,system,nominal
2026-01-01 14:28:57+00:00,config_change,system,nominal
2026-01-01 14:29:02+00:00,auth_failure,auth,nominal-ish
2026-01-01 14:29:09+00:00,auth_success,system,nominal
2026-01-01 14:30:47+00:00,auth_success,system,nominal
2026-01-01 14:31:00+00:00,auth_failure,system,nominal
2026-01-01 14:31:31+00:00,process_stop,system,nominal
2026-01-01 14:31:57+00:00,process_start,system,nominal
2026-01-01 14:33:46+00:00,error,system,nominal
2026-01-01 14:36:25+00:00,config_change,system,nominal
2026-01-01 14:37:07+00:00,auth_failure,system,nominal
2026-01-01 14:37:13+00:00,auth_success,system,nominal
2026-01-01 14:37:30+00:00,auth_failure,auth,nominal-ish
2026-01-01 14:38:07+00:00,error,system,nominal
2026-01-01 14:38:14+00:00,process_stop,system,nominal
2026-01-01 14:38:45+00:00,process_start,system,nominal
2026-01-01 14:39:35+00:00,error,system,nominal
2026-01-01 14:41:16+00:00,warning,system,nominal
2026-01-01 14:41:43+00:00,process_stop,system,nominal
2026-01-01 14:41:56+00:00,auth_success,system,nominal
2026-01-01 14:42:18+00:00,process_stop,system,nominal
2026-01-01 14:42:21+00:00,auth_success,system,nominal
2026-01-01 14:42:34+00:00,warning,system,nominal
2026-01-01 14:43:14+00:00,auth_failure,auth,nominal-ish
2026-01-01 14:44:06+00:00,error,system,nominal
2026-01-01 14:44:14+00:00,error,system,nominal
2026-01-01 14:45:00+00:00,auth_failure,auth,nominal-ish
2026-01-01 14:45:26+00:00,auth_failure,auth,nominal-ish
2026-01-01 14:46:24+00:00,auth_failure,system,nominal
2026-01-01 14:46:29+00:00,auth_failure,system,nominal
2026-01-01 14:46:40+00:00,auth_failure,system,nominal
2026-01-01 14:48:00+00:00,config_change,system,nominal
2026-01-01 14:48:40+00:00,auth_failure,auth,nominal-ish
2026-01-01 14:49:51+00:00,auth_failure,auth,nominal-ish
2026-01-01 14:50:09+00:00,error,system,nominal
2026-01-01 14:50:29+00:00,auth_failure,auth,nominal-ish
2026-01-01 14:50:45+00:00,process_stop,system,nominal
2026-01-01 14:51:03+00:00,config_change,system,nominal
2026-01-01 14:53:00+00:00,process_stop,system,nominal
2026-01-01 14:54:48+00:00,process_stop,system,nominal
2026-01-01 14:54:55+00:00,auth_success,system,nominal
2026-01-01 14:54:57+00:00,config_change,system,nominal
2026-01-01 14:55:05+00:00,process_start,system,nominal
2026-01-01 14:55:37+00:00,auth_failure,auth,nominal-ish
2026-01-01 14:56:45+00:00,process_start,system,nominal
2026-01-01 14:58:00+00:00,warning,system,nominal
2026-01-01 14:58:11+00:00,auth_success,system,nominal
2026-01-01 14:58:17+00:00,auth_failure,system,nominal
2026-01-01 14:59:07+00:00,process_stop,system,nominal
2026-01-01 14:59:47+00:00,process_start,system,nominal
2026-01-01 15:00:09+00:00,process_stop,system,nominal
2026-01-01 15:01:11+00:00,config_change,system,nominal
2026-01-01 15:01:34+00:00,auth_failure,system,nominal
2026-01-01 15:02:31+00:00,process_start,system,nominal
2026-01-01 15:02:41+00:00,auth_failure,auth,nominal-ish
2026-01-01 15:03:48+00:00,process_stop,system,nominal
2026-01-01 15:04:09+00:00,config_change,system,nominal
2026-01-01 15:04:34+00:00,config_change,system,nominal
2026-01-01 15:05:19+00:00,process_start,system,nominal
2026-01-01 15:05:56+00:00,auth_success,system,nominal
2026-01-01 15:06:26+00:00,auth_failure,auth,nominal-ish
2026-01-01 15:06:39+00:00,config_change,system,nominal
2026-01-01 15:06:50+00:00,warning,system,nominal
2026-01-01 15:07:40+00:00,auth_failure,auth,nominal-ish
2026-01-01 15:07:57+00:00,error,system,nominal
2026-01-01 15:09:22+00:00,config_change,system,nominal
2026-01-01 15:10:27+00:00,auth_failure,auth,nominal-ish
2026-01-01 15:10:55+00:00,config_change,system,nominal
2026-01-01 15:11:32+00:00,auth_failure,auth,nominal-ish
2026-01-01 15:12:11+00:00,error,system,nominal
2026-01-01 15:12:35+00:00,auth_success,system,nominal
2026-01-01 15:12:36+00:00,error,system,nominal
2026-01-01 15:14:59+00:00,error,system,nominal
2026-01-01 15:18:03+00:00,config_change,system,nominal
2026-01-01 15:18:09+00:00,auth_failure,auth,nominal-ish
2026-01-01 15:18:13+00:00,error,system,nominal
2026-01-01 15:18:34+00:00,process_stop,system,nominal
2026-01-01 15:19:01+00:00,auth_failure,auth,nominal-ish
2026-01-01 15:20:56+00:00,auth_failure,system,nominal
2026-01-01 15:21:57+00:00,auth_failure,auth,nominal-ish
2026-01-01 15:22:20+00:00,auth_failure,auth,nominal-ish
2026-01-01 15:22:30+00:00,auth_success,system,nominal
2026-01-01 15:22:38+00:00,auth_failure,system,nominal
2026-01-01 15:23:02+00:00,process_stop,system,nominal
2026-01-01 15:23:18+00:00,auth_failure,auth,nominal-ish
2026-01-01 15:23:56+00:00,error,system,nominal
2026-01-01 15:25:03+00:00,process_start,system,nominal
2026-01-01 15:25:11+00:00,auth_success,system,nominal
2026-01-01 15:25:54+00:00,config_change,system,nominal
2026-01-01 15:26:46+00:00,process_start,system,nominal
2026-01-01 15:26:56+00:00,error,system,nominal
2026-01-01 15:26:58+00:00,process_start,system,nominal
2026-01-01 15:27:14+00:00,auth_failure,system,nominal
2026-01-01 15:27:17+00:00,auth_failure,auth,nominal-ish
2026-01-01 15:27:50+00:00,error,system,nominal
2026-01-01 15:28:22+00:00,config_change,system,nominal
2026-01-01 15:29:28+00:00,process_start,system,nominal
2026-01-01 15:29:41+00:00,warning,system,nominal
2026-01-01 15:30:27+00:00,auth_success,system,nominal
2026-01-01 15:30:31+00:00,error,system,nominal
2026-01-01 15:31:41+00:00,auth_success,system,nominal
2026-01-01 15:32:01+00:00,process_start,system,nominal
2026-01-01 15:33:44+00:00,auth_failure,auth,nominal-ish
2026-01-01 15:34:55+00:00,config_change,system,nominal
2026-01-01 15:35:09+00:00,warning,system,nominal
2026-01-01 15:35:13+00:00,error,system,nominal
2026-01-01 15:35:34+00:00,error,system,nominal
2026-01-01 15:35:49+00:00,warning,system,nominal
2026-01-01 15:36:14+00:00,auth_success,system,nominal
2026-01-01 15:36:18+00:00,auth_failure,auth,nominal-ish
2026-01-01 15:36:54+00:00,auth_success,system,nominal
2026-01-01 15:38:19+00:00,auth_failure,auth,nominal-ish
2026-01-01 15:38:44+00:00,process_stop,system,nominal
2026-01-01 15:40:15+00:00,config_change,system,nominal
2026-01-01 15:41:37+00:00,process_start,system,nominal
2026-01-01 15:41:58+00:00,error,system,nominal
2026-01-01 15:42:18+00:00,error,system,nominal
2026-01-01 15:42:37+00:00,error,system,nominal
2026-01-01 15:42:46+00:00,process_stop,system,nominal
2026-01-01 15:43:05+00:00,warning,system,nominal
2026-01-01 15:43:11+00:00,auth_failure,system,nominal
2026-01-01 15:43:49+00:00,auth_failure,auth,nominal-ish
2026-01-01 15:44:29+00:00,config_change,system,nominal
2026-01-01 15:44:32+00:00,process_stop,system,nominal
2026-01-01 15:44:38+00:00,auth_failure,auth,nominal-ish
2026-01-01 15:44:44+00:00,process_stop,system,nominal
2026-01-01 15:45:01+00:00,auth_success,system,nominal
2026-01-01 15:45:27+00:00,process_start,system,nominal
2026-01-01 15:45:38+00:00,auth_failure,auth,nominal-ish
2026-01-01 15:46:06+00:00,config_change,system,nominal
2026-01-01 15:46:12+00:00,process_start,system,nominal
2026-01-01 15:46:13+00:00,process_stop,system,nominal
2026-01-01 15:47:01+00:00,auth_failure,system,nominal
2026-01-01 15:47:59+00:00,config_change,system,nominal
2026-01-01 15:48:40+00:00,auth_failure,auth,nominal-ish
2026-01-01 15:49:51+00:00,warning,system,nominal
2026-01-01 15:49:52+00:00,process_start,system,nominal
2026-01-01 15:49:56+00:00,auth_success,system,nominal
2026-01-01 15:50:25+00:00,process_start,system,nominal
2026-01-01 15:51:39+00:00,auth_failure,system,nominal
2026-01-01 15:52:07+00:00,auth_failure,system,nominal
2026-01-01 15:52:11+00:00,error,system,nominal
2026-01-01 15:52:24+00:00,config_change,system,nominal
2026-01-01 15:52:54+00:00,auth_failure,system,nominal
2026-01-01 15:53:27+00:00,auth_failure,auth,nominal-ish
2026-01-01 15:53:29+00:00,auth_failure,auth,nominal-ish
2026-01-01 15:53:54+00:00,process_stop,system,nominal
2026-01-01 15:54:16+00:00,process_stop,system,nominal
2026-01-01 15:54:34+00:00,auth_failure,auth,nominal-ish
2026-01-01 15:54:42+00:00,auth_success,system,nominal
2026-01-01 15:54:43+00:00,process_start,system,nominal
2026-01-01 15:54:44+00:00,error,system,nominal
2026-01-01 15:56:23+00:00,process_stop,system,nominal
2026-01-01 15:57:04+00:00,config_change,system,nominal
2026-01-01 15:57:32+00:00,warning,system,nominal
2026-01-01 15:58:32+00:00,error,system,nominal
2026-01-01 15:59:20+00:00,process_stop,system,nominal
2026-01-01 15:59:44+00:00,process_start,system,nominal
2026-01-01 15:59:47+00:00,auth_failure,system,nominal
2026-01-01 16:00:13+00:00,auth_success,system,nominal
2026-01-01 16:02:06+00:00,config_change,system,nominal
2026-01-01 16:02:38+00:00,auth_failure,auth,nominal-ish
2026-01-01 16:04:15+00:00,auth_failure,auth,nominal-ish
2026-01-01 16:05:00+00:00,auth_failure,auth,nominal-ish
2026-01-01 16:05:04+00:00,auth_failure,auth,nominal-ish
2026-01-01 16:05:05+00:00,auth_failure,auth,nominal-ish
2026-01-01 16:06:12+00:00,error,system,nominal
2026-01-01 16:06:28+00:00,process_stop,system,nominal
2026-01-01 16:07:03+00:00,error,system,nominal
2026-01-01 16:07:12+00:00,process_stop,system,nominal
2026-01-01 16:08:33+00:00,process_start,system,nominal
2026-01-01 16:08:48+00:00,auth_failure,auth,nominal-ish
2026-01-01 16:09:16+00:00,auth_failure,system,nominal
2026-01-01 16:09:59+00:00,warning,system,nominal
2026-01-01 16:10:36+00:00,error,system,nominal
2026-01-01 16:10:57+00:00,auth_failure,auth,nominal-ish
2026-01-01 16:11:54+00:00,auth_failure,auth,nominal-ish
2026-01-01 16:12:33+00:00,auth_failure,auth,nominal-ish
2026-01-01 16:12:35+00:00,process_stop,system,nominal
2026-01-01 16:12:50+00:00,auth_failure,auth,nominal-ish
2026-01-01 16:13:56+00:00,error,system,nominal
2026-01-01 16:14:49+00:00,auth_success,system,nominal
2026-01-01 16:15:11+00:00,auth_failure,auth,nominal-ish
2026-01-01 16:15:39+00:00,process_stop,system,nominal
2026-01-01 16:16:40+00:00,warning,system,nominal
2026-01-01 16:17:34+00:00,process_start,system,nominal
2026-01-01 16:17:41+00:00,auth_failure,auth,nominal-ish
2026-01-01 16:18:28+00:00,config_change,system,nominal
2026-01-01 16:18:32+00:00,process_stop,system,nominal
2026-01-01 16:19:02+00:00,auth_failure,auth,nominal-ish
2026-01-01 16:19:07+00:00,process_stop,system,nominal
2026-01-01 16:20:03+00:00,process_start,system,nominal
2026-01-01 16:20:21+00:00,auth_failure,auth,nominal-ish
2026-01-01 16:20:47+00:00,auth_success,system,nominal
2026-01-01 16:21:34+00:00,auth_failure,system,nominal
2026-01-01 16:22:33+00:00,auth_failure,auth,nominal-ish
2026-01-01 16:22:44+00:00,error,system,nominal
2026-01-01 16:25:02+00:00,warning,system,nominal
2026-01-01 16:25:12+00:00,warning,system,nominal
2026-01-01 16:25:21+00:00,auth_failure,auth,nominal-ish
2026-01-01 16:27:18+00:00,warning,system,nominal
2026-01-01 16:27:53+00:00,process_start,system,nominal
2026-01-01 16:28:43+00:00,error,system,nominal
2026-01-01 16:29:11+00:00,config_change,system,nominal
2026-01-01 16:29:38+00:00,config_change,system,nominal
2026-01-01 16:31:03+00:00,auth_failure,auth,nominal-ish
2026-01-01 16:32:41+00:00,config_change,system,nominal
2026-01-01 16:33:02+00:00,warning,system,nominal
2026-01-01 16:35:17+00:00,auth_failure,system,nominal
2026-01-01 16:35:27+00:00,config_change,system,nominal
2026-01-01 16:36:00+00:00,auth_failure,auth,nominal-ish
2026-01-01 16:36:35+00:00,auth_failure,system,nominal
2026-01-01 16:37:01+00:00,auth_success,system,nominal
2026-01-01 16:37:07+00:00,warning,system,nominal
2026-01-01 16:37:39+00:00,auth_failure,auth,nominal-ish
2026-01-01 16:37:41+00:00,warning,system,nominal
2026-01-01 16:38:11+00:00,auth_failure,auth,nominal-ish
2026-01-01 16:39:06+00:00,error,system,nominal
2026-01-01 16:40:01+00:00,error,system,nominal
2026-01-01 16:40:20+00:00,warning,system,nominal
2026-01-01 16:40:54+00:00,process_stop,system,nominal
2026-01-01 16:41:49+00:00,auth_failure,auth,nominal-ish
2026-01-01 16:41:58+00:00,error,system,nominal
2026-01-01 16:42:05+00:00,warning,system,nominal
2026-01-01 16:42:24+00:00,process_start,system,nominal
2026-01-01 16:42:35+00:00,auth_failure,auth,nominal-ish
2026-01-01 16:43:43+00:00,config_change,system,nominal
2026-01-01 16:43:54+00:00,auth_success,system,nominal
2026-01-01 16:44:41+00:00,process_start,system,nominal
2026-01-01 16:45:00+00:00,auth_failure,auth,nominal-ish
2026-01-01 16:47:19+00:00,auth_failure,auth,nominal-ish
2026-01-01 16:47:27+00:00,error,system,nominal
2026-01-01 16:47:56+00:00,auth_failure,auth,nominal-ish
2026-01-01 16:48:39+00:00,process_stop,system,nominal
2026-01-01 16:49:36+00:00,auth_success,system,nominal
2026-01-01 16:50:26+00:00,config_change,system,nominal
2026-01-01 16:50:52+00:00,warning,system,nominal
2026-01-01 16:51:27+00:00,config_change,system,nominal
2026-01-01 16:51:51+00:00,auth_success,system,nominal
2026-01-01 16:51:55+00:00,config_change,system,nominal
2026-01-01 16:52:25+00:00,auth_failure,auth,nominal-ish
2026-01-01 16:55:26+00:00,auth_failure,auth,nominal-ish
2026-01-01 16:57:50+00:00,auth_failure,auth,nominal-ish
2026-01-01 16:57:57+00:00,config_change,system,nominal
2026-01-01 16:58:40+00:00,process_start,system,nominal
2026-01-01 17:00:32+00:00,auth_failure,system,nominal
2026-01-01 17:00:49+00:00,auth_failure,system,nominal
2026-01-01 17:02:16+00:00,process_stop,system,nominal
2026-01-01 17:02:50+00:00,auth_failure,auth,nominal-ish
2026-01-01 17:03:28+00:00,auth_failure,auth,nominal-ish
2026-01-01 17:03:29+00:00,auth_failure,auth,nominal-ish
2026-01-01 17:04:43+00:00,warning,system,nominal
2026-01-01 17:04:56+00:00,warning,system,nominal
2026-01-01 17:05:39+00:00,auth_failure,auth,nominal-ish
2026-01-01 17:07:45+00:00,auth_failure,system,nominal
2026-01-01 17:10:11+00:00,auth_failure,auth,nominal-ish
2026-01-01 17:10:17+00:00,process_start,system,nominal
2026-01-01 17:10:42+00:00,auth_failure,auth,nominal-ish
2026-01-01 17:11:50+00:00,auth_failure,system,nominal
2026-01-01 17:12:04+00:00,auth_failure,system,nominal
2026-01-01 17:12:09+00:00,warning,system,nominal
2026-01-01 17:12:13+00:00,auth_failure,system,nominal
2026-01-01 17:12:44+00:00,auth_failure,system,nominal
2026-01-01 17:13:39+00:00,auth_success,system,nominal
2026-01-01 17:14:22+00:00,warning,system,nominal
2026-01-01 17:15:52+00:00,auth_failure,system,nominal
2026-01-01 17:16:09+00:00,auth_failure,system,nominal
2026-01-01 17:16:25+00:00,config_change,system,nominal
2026-01-01 17:16:38+00:00,warning,system,nominal
2026-01-01 17:17:27+00:00,auth_success,system,nominal
2026-01-01 17:17:33+00:00,process_stop,system,nominal
2026-01-01 17:17:42+00:00,auth_failure,system,nominal
2026-01-01 17:18:20+00:00,error,system,nominal
2026-01-01 17:18:56+00:00,warning,system,nominal
2026-01-01 17:19:28+00:00,auth_failure,auth,nominal-ish
2026-01-01 17:19:46+00:00,error,system,nominal
2026-01-01 17:19:47+00:00,warning,system,nominal
2026-01-01 17:19:56+00:00,error,system,nominal
2026-01-01 17:23:18+00:00,auth_failure,auth,nominal-ish
2026-01-01 17:23:40+00:00,process_stop,system,nominal
2026-01-01 17:23:49+00:00,auth_failure,auth,nominal-ish
2026-01-01 17:24:17+00:00,process_stop,system,nominal
2026-01-01 17:24:34+00:00,process_start,system,nominal
2026-01-01 17:24:59+00:00,warning,system,nominal
2026-01-01 17:26:08+00:00,error,system,nominal
2026-01-01 17:28:35+00:00,auth_failure,auth,nominal-ish
2026-01-01 17:28:39+00:00,auth_success,system,nominal
2026-01-01 17:29:35+00:00,error,system,nominal
2026-01-01 17:29:55+00:00,auth_failure,auth,nominal-ish
2026-01-01 17:30:04+00:00,auth_failure,system,nominal
2026-01-01 17:30:24+00:00,process_start,system,nominal
2026-01-01 17:30:50+00:00,process_start,system,nominal
2026-01-01 17:31:26+00:00,error,system,nominal
2026-01-01 17:31:37+00:00,process_start,system,nominal
2026-01-01 17:32:15+00:00,warning,system,nominal
2026-01-01 17:32:17+00:00,process_stop,system,nominal
2026-01-01 17:32:44+00:00,process_stop,system,nominal
2026-01-01 17:32:55+00:00,auth_success,system,nominal
2026-01-01 17:34:46+00:00,process_stop,system,nominal
2026-01-01 17:34:48+00:00,process_stop,system,nominal
2026-01-01 17:35:01+00:00,process_stop,system,nominal
2026-01-01 17:35:24+00:00,auth_failure,auth,nominal-ish
2026-01-01 17:35:49+00:00,warning,system,nominal
2026-01-01 17:36:07+00:00,error,system,nominal
2026-01-01 17:36:34+00:00,auth_success,system,nominal
2026-01-01 17:36:53+00:00,auth_success,system,nominal
2026-01-01 17:37:08+00:00,process_stop,system,nominal
2026-01-01 17:38:21+00:00,auth_failure,auth,nominal-ish
2026-01-01 17:39:04+00:00,process_start,system,nominal
2026-01-01 17:39:31+00:00,auth_success,system,nominal
2026-01-01 17:39:39+00:00,auth_success,system,nominal
2026-01-01 17:40:02+00:00,auth_failure,system,nominal
2026-01-01 17:40:15+00:00,process_start,system,nominal
2026-01-01 17:40:24+00:00,auth_failure,auth,nominal-ish
2026-01-01 17:40:29+00:00,warning,system,nominal
2026-01-01 17:41:03+00:00,warning,system,nominal
2026-01-01 17:41:42+00:00,auth_failure,system,nominal
2026-01-01 17:42:14+00:00,auth_failure,auth,nominal-ish
2026-01-01 17:44:22+00:00,auth_failure,system,nominal
2026-01-01 17:44:42+00:00,auth_failure,auth,nominal-ish
2026-01-01 17:44:47+00:00,error,system,nominal
2026-01-01 17:44:57+00:00,process_start,system,nominal
2026-01-01 17:45:49+00:00,process_start,system,nominal
2026-01-01 17:45:52+00:00,auth_failure,system,nominal
2026-01-01 17:46:32+00:00,auth_success,system,nominal
2026-01-01 17:47:07+00:00,auth_success,system,nominal
2026-01-01 17:48:01+00:00,auth_failure,system,nominal
2026-01-01 17:48:17+00:00,auth_failure,system,nominal
2026-01-01 17:48:26+00:00,config_change,system,nominal
2026-01-01 17:48:50+00:00,auth_success,system,nominal
2026-01-01 17:49:09+00:00,warning,system,nominal
2026-01-01 17:49:19+00:00,auth_failure,system,nominal
2026-01-01 17:51:15+00:00,warning,system,nominal
2026-01-01 17:51:39+00:00,error,system,nominal
2026-01-01 17:51:41+00:00,auth_failure,auth,nominal-ish
2026-01-01 17:52:58+00:00,warning,system,nominal
2026-01-01 17:53:41+00:00,auth_failure,auth,nominal-ish
2026-01-01 17:55:07+00:00,process_stop,system,nominal
2026-01-01 17:55:54+00:00,config_change,system,nominal
2026-01-01 17:56:06+00:00,process_stop,system,nominal
2026-01-01 17:57:02+00:00,auth_success,system,nominal
2026-01-01 17:57:23+00:00,auth_success,system,nominal
2026-01-01 17:57:57+00:00,auth_failure,system,nominal
2026-01-01 17:59:17+00:00,warning,system,nominal
2026-01-01 17:59:18+00:00,process_stop,system,nominal
2026-01-01 17:59:41+00:00,process_stop,system,nominal
2026-01-01 18:00:22+00:00,auth_failure,system,nominal
2026-01-01 18:00:52+00:00,auth_failure,auth,nominal-ish
2026-01-01 18:00:56+00:00,warning,system,nominal
2026-01-01 18:01:19+00:00,auth_failure,auth,nominal-ish
2026-01-01 18:01:55+00:00,auth_failure,auth,nominal-ish
2026-01-01 18:02:19+00:00,process_stop,system,nominal
2026-01-01 18:02:55+00:00,process_stop,system,nominal
2026-01-01 18:04:51+00:00,process_stop,system,nominal
2026-01-01 18:05:54+00:00,error,system,nominal
2026-01-01 18:07:00+00:00,auth_failure,system,nominal
2026-01-01 18:07:57+00:00,config_change,system,nominal
2026-01-01 18:08:20+00:00,config_change,system,nominal
2026-01-01 18:08:36+00:00,auth_failure,auth,nominal-ish
2026-01-01 18:11:02+00:00,process_stop,system,nominal
2026-01-01 18:11:35+00:00,error,system,nominal
2026-01-01 18:11:57+00:00,auth_failure,auth,nominal-ish
2026-01-01 18:12:20+00:00,error,system,nominal
2026-01-01 18:12:58+00:00,auth_failure,auth,nominal-ish
2026-01-01 18:13:28+00:00,warning,system,nominal
2026-01-01 18:13:29+00:00,process_start,system,nominal
2026-01-01 18:13:31+00:00,error,system,nominal
2026-01-01 18:14:08+00:00,auth_failure,auth,nominal-ish
2026-01-01 18:15:04+00:00,auth_success,system,nominal
2026-01-01 18:16:05+00:00,auth_success,system,nominal
2026-01-01 18:18:21+00:00,auth_failure,system,nominal
2026-01-01 18:19:37+00:00,error,system,nominal
2026-01-01 18:19:40+00:00,auth_failure,auth,nominal-ish
2026-01-01 18:19:52+00:00,auth_failure,auth,nominal-ish
2026-01-01 18:21:32+00:00,warning,system,nominal
2026-01-01 18:22:07+00:00,auth_failure,system,nominal
2026-01-01 18:22:30+00:00,auth_failure,auth,nominal-ish
2026-01-01 18:22:33+00:00,process_start,system,nominal
2026-01-01 18:22:45+00:00,auth_failure,auth,nominal-ish
2026-01-01 18:22:47+00:00,auth_failure,auth,nominal-ish
2026-01-01 18:23:34+00:00,process_stop,system,nominal
2026-01-01 18:23:54+00:00,auth_failure,system,nominal
2026-01-01 18:24:03+00:00,config_change,system,nominal
2026-01-01 18:24:53+00:00,auth_failure,auth,nominal-ish
2026-01-01 18:25:15+00:00,auth_success,system,nominal
2026-01-01 18:25:22+00:00,process_start,system,nominal
2026-01-01 18:25:42+00:00,error,system,nominal
2026-01-01 18:25:45+00:00,auth_failure,auth,nominal-ish
2026-01-01 18:26:54+00:00,auth_failure,system,nominal
2026-01-01 18:27:18+00:00,auth_failure,auth,nominal-ish
2026-01-01 18:28:14+00:00,auth_failure,auth,nominal-ish
2026-01-01 18:28:36+00:00,auth_failure,auth,nominal-ish
2026-01-01 18:29:36+00:00,error,system,nominal
2026-01-01 18:29:53+00:00,process_stop,system,nominal
2026-01-01 18:30:25+00:00,process_stop,system,nominal
2026-01-01 18:30:46+00:00,error,system,nominal
2026-01-01 18:31:18+00:00,config_change,system,nominal
2026-01-01 18:31:31+00:00,config_change,system,nominal
2026-01-01 18:32:35+00:00,process_stop,system,nominal
2026-01-01 18:32:48+00:00,warning,system,nominal
2026-01-01 18:34:03+00:00,auth_success,system,nominal
2026-01-01 18:35:07+00:00,warning,system,nominal
2026-01-01 18:35:33+00:00,auth_failure,auth,nominal-ish
2026-01-01 18:36:13+00:00,auth_failure,auth,nominal-ish
2026-01-01 18:37:35+00:00,auth_failure,auth,nominal-ish
2026-01-01 18:38:28+00:00,auth_success,system,nominal
2026-01-01 18:38:47+00:00,auth_failure,auth,nominal-ish
2026-01-01 18:40:23+00:00,warning,system,nominal
2026-01-01 18:40:32+00:00,process_stop,system,nominal
2026-01-01 18:40:55+00:00,config_change,system,nominal
2026-01-01 18:42:17+00:00,auth_failure,auth,nominal-ish
2026-01-01 18:42:18+00:00,warning,system,nominal
2026-01-01 18:42:19+00:00,process_stop,system,nominal
2026-01-01 18:42:40+00:00,warning,system,nominal
2026-01-01 18:44:44+00:00,warning,system,nominal
2026-01-01 18:45:37+00:00,error,system,nominal
2026-01-01 18:46:42+00:00,error,system,nominal
2026-01-01 18:50:40+00:00,process_stop,system,nominal
2026-01-01 18:51:02+00:00,process_start,system,nominal
2026-01-01 18:51:56+00:00,error,system,nominal
2026-01-01 18:52:49+00:00,process_stop,system,nominal
2026-01-01 18:52:52+00:00,auth_failure,auth,nominal-ish
2026-01-01 18:54:07+00:00,auth_failure,system,nominal
2026-01-01 18:54:59+00:00,auth_success,system,nominal
2026-01-01 18:55:03+00:00,error,system,nominal
2026-01-01 18:55:29+00:00,config_change,system,nominal
2026-01-01 18:55:56+00:00,warning,system,nominal
2026-01-01 18:57:17+00:00,error,system,nominal
2026-01-01 18:57:57+00:00,process_stop,system,nominal
2026-01-01 18:59:05+00:00,process_stop,system,nominal
2026-01-01 18:59:12+00:00,auth_success,system,nominal
2026-01-01 19:01:23+00:00,process_start,system,nominal
2026-01-01 19:04:16+00:00,process_stop,system,nominal
2026-01-01 19:06:54+00:00,warning,system,nominal
2026-01-01 19:07:18+00:00,auth_success,system,nominal
2026-01-01 19:07:26+00:00,warning,system,nominal
2026-01-01 19:09:36+00:00,process_stop,system,nominal
2026-01-01 19:09:39+00:00,config_change,system,nominal
2026-01-01 19:10:11+00:00,config_change,system,nominal
2026-01-01 19:11:30+00:00,auth_failure,auth,nominal-ish
2026-01-01 19:11:52+00:00,auth_failure,auth,nominal-ish
2026-01-01 19:12:13+00:00,process_stop,system,nominal
2026-01-01 19:12:20+00:00,auth_failure,auth,nominal-ish
2026-01-01 19:13:50+00:00,error,system,nominal
2026-01-01 19:14:00+00:00,auth_failure,auth,nominal-ish
2026-01-01 19:14:06+00:00,auth_success,system,nominal
2026-01-01 19:14:07+00:00,auth_failure,auth,nominal-ish
2026-01-01 19:14:09+00:00,process_stop,system,nominal
2026-01-01 19:14:45+00:00,process_start,system,nominal
2026-01-01 19:15:37+00:00,warning,system,nominal
2026-01-01 19:16:01+00:00,error,system,nominal
2026-01-01 19:16:06+00:00,auth_failure,auth,nominal-ish
2026-01-01 19:16:09+00:00,config_change,system,nominal
2026-01-01 19:16:11+00:00,warning,system,nominal
2026-01-01 19:16:52+00:00,error,system,nominal
2026-01-01 19:17:54+00:00,process_stop,system,nominal
2026-01-01 19:19:08+00:00,process_stop,system,nominal
2026-01-01 19:19:49+00:00,auth_failure,auth,nominal-ish
2026-01-01 19:20:14+00:00,warning,system,nominal
2026-01-01 19:20:26+00:00,error,system,nominal
2026-01-01 19:20:30+00:00,process_stop,system,nominal
2026-01-01 19:20:48+00:00,auth_failure,system,nominal
2026-01-01 19:22:55+00:00,process_stop,system,nominal
2026-01-01 19:22:56+00:00,error,system,nominal
2026-01-01 19:22:59+00:00,process_start,system,nominal
2026-01-01 19:23:00+00:00,warning,system,nominal
2026-01-01 19:23:33+00:00,process_stop,system,nominal
2026-01-01 19:24:07+00:00,auth_failure,auth,nominal-ish
2026-01-01 19:25:29+00:00,auth_failure,system,nominal
2026-01-01 19:26:45+00:00,auth_failure,auth,nominal-ish
2026-01-01 19:27:16+00:00,error,system,nominal
2026-01-01 19:27:23+00:00,config_change,system,nominal
2026-01-01 19:27:46+00:00,auth_success,system,nominal
2026-01-01 19:28:24+00:00,auth_failure,auth,nominal-ish
2026-01-01 19:30:12+00:00,process_stop,system,nominal
2026-01-01 19:31:11+00:00,auth_failure,system,nominal
2026-01-01 19:32:20+00:00,process_stop,system,nominal
2026-01-01 19:32:36+00:00,config_change,system,nominal
2026-01-01 19:32:42+00:00,warning,system,nominal
2026-01-01 19:33:27+00:00,process_stop,system,nominal
2026-01-01 19:34:16+00:00,auth_failure,auth,nominal-ish
2026-01-01 19:34:48+00:00,error,system,nominal
2026-01-01 19:35:25+00:00,warning,system,nominal
2026-01-01 19:35:49+00:00,error,system,nominal
2026-01-01 19:36:39+00:00,auth_failure,auth,nominal-ish
2026-01-01 19:36:44+00:00,auth_success,system,nominal
2026-01-01 19:37:56+00:00,auth_failure,auth,nominal-ish
2026-01-01 19:38:29+00:00,auth_failure,system,nominal
2026-01-01 19:39:24+00:00,auth_failure,system,nominal
2026-01-01 19:39:51+00:00,process_stop,system,nominal
2026-01-01 19:40:04+00:00,auth_failure,auth,nominal-ish
2026-01-01 19:40:16+00:00,auth_failure,auth,nominal-ish
2026-01-01 19:40:48+00:00,error,system,nominal
2026-01-01 19:41:44+00:00,warning,system,nominal
2026-01-01 19:41:45+00:00,config_change,system,nominal
2026-01-01 19:43:13+00:00,process_start,system,nominal
2026-01-01 19:44:02+00:00,warning,system,nominal
2026-01-01 19:44:20+00:00,process_stop,system,nominal
2026-01-01 19:44:39+00:00,process_stop,system,nominal
2026-01-01 19:46:23+00:00,auth_failure,system,nominal
2026-01-01 19:46:43+00:00,config_change,system,nominal
2026-01-01 19:48:00+00:00,process_stop,system,nominal
2026-01-01 19:48:53+00:00,process_stop,system,nominal
2026-01-01 19:49:19+00:00,auth_success,system,nominal
2026-01-01 19:50:57+00:00,process_start,system,nominal
2026-01-01 19:51:51+00:00,process_start,system,nominal
2026-01-01 19:53:23+00:00,auth_failure,system,nominal
2026-01-01 19:54:47+00:00,process_stop,system,nominal
2026-01-01 19:56:15+00:00,auth_failure,auth,nominal-ish
2026-01-01 19:56:26+00:00,warning,system,nominal
2026-01-01 19:56:42+00:00,auth_failure,auth,nominal-ish
2026-01-01 19:56:58+00:00,error,system,nominal
2026-01-01 19:57:39+00:00,process_stop,system,nominal
2026-01-01 19:58:07+00:00,error,system,nominal
2026-01-01 19:58:40+00:00,auth_failure,system,nominal
2026-01-01 19:59:19+00:00,process_stop,system,nominal
2026-01-01 19:59:25+00:00,auth_success,system,nominal
2026-01-01 19:59:29+00:00,process_stop,system,nominal
2026-01-01 20:00:12+00:00,auth_failure,auth,nominal-ish
2026-01-01 20:02:00+00:00,process_start,system,nominal
2026-01-01 20:02:23+00:00,process_start,system,nominal
2026-01-01 20:04:17+00:00,process_start,system,nominal
2026-01-01 20:04:33+00:00,auth_failure,system,nominal
2026-01-01 20:06:29+00:00,auth_failure,auth,nominal-ish
2026-01-01 20:06:52+00:00,config_change,system,nominal
2026-01-01 20:07:01+00:00,error,system,nominal
2026-01-01 20:07:44+00:00,auth_failure,auth,nominal-ish
2026-01-01 20:08:02+00:00,error,system,nominal
2026-01-01 20:08:27+00:00,config_change,system,nominal
2026-01-01 20:08:30+00:00,warning,system,nominal
2026-01-01 20:08:32+00:00,config_change,system,nominal
2026-01-01 20:08:34+00:00,error,system,nominal
2026-01-01 20:10:26+00:00,error,system,nominal
2026-01-01 20:10:55+00:00,process_start,system,nominal
2026-01-01 20:12:25+00:00,process_start,system,nominal
2026-01-01 20:12:31+00:00,auth_failure,auth,nominal-ish
2026-01-01 20:13:34+00:00,auth_failure,auth,nominal-ish
2026-01-01 20:14:26+00:00,config_change,system,nominal
2026-01-01 20:15:20+00:00,auth_success,system,nominal
2026-01-01 20:15:58+00:00,auth_success,system,nominal
2026-01-01 20:16:59+00:00,process_start,system,nominal
2026-01-01 20:17:20+00:00,process_start,system,nominal
2026-01-01 20:17:21+00:00,auth_failure,system,nominal
2026-01-01 20:18:46+00:00,warning,system,nominal
2026-01-01 20:18:51+00:00,config_change,system,nominal
2026-01-01 20:20:22+00:00,error,system,nominal
2026-01-01 20:20:32+00:00,process_start,system,nominal
2026-01-01 20:20:55+00:00,auth_success,system,nominal
2026-01-01 20:21:55+00:00,auth_success,system,nominal
2026-01-01 20:21:56+00:00,auth_failure,system,nominal
2026-01-01 20:22:11+00:00,warning,system,nominal
2026-01-01 20:22:15+00:00,auth_failure,auth,nominal-ish
2026-01-01 20:22:20+00:00,auth_failure,auth,nominal-ish
2026-01-01 20:23:07+00:00,auth_success,system,nominal
2026-01-01 20:23:31+00:00,auth_success,system,nominal
2026-01-01 20:23:39+00:00,process_stop,system,nominal
2026-01-01 20:23:41+00:00,auth_failure,auth,nominal-ish
2026-01-01 20:24:10+00:00,process_stop,system,nominal
2026-01-01 20:24:56+00:00,auth_failure,auth,nominal-ish
2026-01-01 20:24:58+00:00,process_start,system,nominal
2026-01-01 20:25:09+00:00,process_start,system,nominal
2026-01-01 20:25:15+00:00,auth_failure,system,nominal
2026-01-01 20:26:06+00:00,config_change,system,nominal
2026-01-01 20:26:50+00:00,warning,system,nominal
2026-01-01 20:28:00+00:00,process_stop,system,nominal
2026-01-01 20:28:10+00:00,auth_success,system,nominal
2026-01-01 20:30:37+00:00,auth_success,system,nominal
2026-01-01 20:30:40+00:00,config_change,system,nominal
2026-01-01 20:31:44+00:00,auth_failure,system,nominal
2026-01-01 20:31:50+00:00,warning,system,nominal
2026-01-01 20:31:56+00:00,error,system,nominal
2026-01-01 20:32:07+00:00,auth_failure,auth,nominal-ish
2026-01-01 20:32:10+00:00,warning,system,nominal
2026-01-01 20:33:18+00:00,auth_success,system,nominal
2026-01-01 20:33:27+00:00,error,system,nominal
2026-01-01 20:33:31+00:00,config_change,system,nominal
2026-01-01 20:35:23+00:00,auth_failure,system,nominal
2026-01-01 20:36:09+00:00,auth_success,system,nominal
2026-01-01 20:36:35+00:00,auth_success,system,nominal
2026-01-01 20:37:38+00:00,process_start,system,nominal
2026-01-01 20:38:40+00:00,process_start,system,nominal
2026-01-01 20:39:25+00:00,process_start,system,nominal
2026-01-01 20:40:49+00:00,auth_failure,auth,nominal-ish
2026-01-01 20:41:03+00:00,auth_failure,system,nominal
2026-01-01 20:41:59+00:00,warning,system,nominal
2026-01-01 20:42:54+00:00,process_start,system,nominal
2026-01-01 20:43:00+00:00,config_change,system,nominal
2026-01-01 20:43:24+00:00,auth_failure,auth,nominal-ish
2026-01-01 20:44:10+00:00,auth_failure,auth,nominal-ish
2026-01-01 20:44:13+00:00,warning,system,nominal
2026-01-01 20:45:39+00:00,auth_failure,system,nominal
2026-01-01 20:46:27+00:00,auth_failure,system,nominal
2026-01-01 20:47:01+00:00,warning,system,nominal
2026-01-01 20:48:47+00:00,warning,system,nominal
2026-01-01 20:49:41+00:00,error,system,nominal
2026-01-01 20:50:42+00:00,config_change,system,nominal
2026-01-01 20:50:57+00:00,warning,system,nominal
2026-01-01 20:52:09+00:00,process_start,system,nominal
2026-01-01 20:52:33+00:00,warning,system,nominal
2026-01-01 20:53:46+00:00,auth_failure,auth,nominal-ish
2026-01-01 20:55:29+00:00,process_start,system,nominal
2026-01-01 20:55:56+00:00,warning,system,nominal
2026-01-01 20:56:34+00:00,auth_failure,system,nominal
2026-01-01 20:56:35+00:00,process_stop,system,nominal
2026-01-01 20:57:05+00:00,auth_failure,auth,nominal-ish
2026-01-01 20:57:25+00:00,error,system,nominal
2026-01-01 20:58:26+00:00,auth_failure,auth,nominal-ish
2026-01-01 20:58:35+00:00,auth_failure,system,nominal
2026-01-01 20:59:04+00:00,auth_success,system,nominal
2026-01-01 20:59:19+00:00,auth_failure,system,nominal
2026-01-01 20:59:26+00:00,process_stop,system,nominal
2026-01-01 20:59:35+00:00,auth_failure,system,nominal
2026-01-01 20:59:44+00:00,process_stop,system,nominal
2026-01-01 21:00:35+00:00,auth_success,system,nominal
2026-01-01 21:00:59+00:00,auth_failure,system,nominal
2026-01-01 21:01:29+00:00,process_start,system,nominal
2026-01-01 21:02:03+00:00,error,system,nominal
2026-01-01 21:02:52+00:00,warning,system,nominal
2026-01-01 21:03:17+00:00,process_stop,system,nominal
2026-01-01 21:03:39+00:00,warning,system,nominal
2026-01-01 21:03:51+00:00,process_start,system,nominal
2026-01-01 21:03:57+00:00,auth_failure,system,nominal
2026-01-01 21:04:19+00:00,auth_failure,system,nominal
2026-01-01 21:05:12+00:00,process_stop,system,nominal
2026-01-01 21:07:23+00:00,process_stop,system,nominal
2026-01-01 21:08:09+00:00,error,system,nominal
2026-01-01 21:08:21+00:00,auth_success,system,nominal
2026-01-01 21:09:20+00:00,auth_success,system,nominal
2026-01-01 21:09:29+00:00,config_change,system,nominal
2026-01-01 21:09:50+00:00,auth_failure,system,nominal
2026-01-01 21:10:02+00:00,auth_failure,auth,nominal-ish
2026-01-01 21:11:30+00:00,warning,system,nominal
2026-01-01 21:13:08+00:00,warning,system,nominal
2026-01-01 21:13:24+00:00,auth_failure,auth,nominal-ish
2026-01-01 21:14:02+00:00,auth_failure,system,nominal
2026-01-01 21:14:20+00:00,auth_failure,system,nominal
2026-01-01 21:14:23+00:00,auth_success,system,nominal
2026-01-01 21:14:32+00:00,auth_failure,system,nominal
2026-01-01 21:15:45+00:00,warning,system,nominal
2026-01-01 21:15:51+00:00,warning,system,nominal
2026-01-01 21:16:21+00:00,auth_failure,auth,nominal-ish
2026-01-01 21:16:44+00:00,config_change,system,nominal
2026-01-01 21:16:45+00:00,config_change,system,nominal
2026-01-01 21:18:32+00:00,process_stop,system,nominal
2026-01-01 21:19:34+00:00,error,system,nominal
2026-01-01 21:22:02+00:00,error,system,nominal
2026-01-01 21:23:30+00:00,process_stop,system,nominal
2026-01-01 21:23:35+00:00,config_change,system,nominal
2026-01-01 21:24:08+00:00,process_start,system,nominal
2026-01-01 21:24:12+00:00,warning,system,nominal
2026-01-01 21:24:27+00:00,config_change,system,nominal
2026-01-01 21:24:57+00:00,process_stop,system,nominal
2026-01-01 21:25:44+00:00,auth_failure,system,nominal
2026-01-01 21:25:46+00:00,auth_failure,auth,nominal-ish
2026-01-01 21:26:01+00:00,config_change,system,nominal
2026-01-01 21:26:41+00:00,auth_failure,system,nominal
2026-01-01 21:26:55+00:00,auth_failure,system,nominal
2026-01-01 21:26:58+00:00,error,system,nominal
2026-01-01 21:27:49+00:00,auth_success,system,nominal
2026-01-01 21:28:06+00:00,auth_failure,auth,nominal-ish
2026-01-01 21:28:16+00:00,auth_failure,auth,nominal-ish
2026-01-01 21:29:51+00:00,process_stop,system,nominal
2026-01-01 21:29:58+00:00,auth_failure,auth,nominal-ish
2026-01-01 21:32:00+00:00,auth_failure,auth,nominal-ish
2026-01-01 21:32:36+00:00,error,system,nominal
2026-01-01 21:33:36+00:00,warning,system,nominal
2026-01-01 21:33:37+00:00,auth_failure,system,nominal
2026-01-01 21:34:21+00:00,process_stop,system,nominal
2026-01-01 21:35:25+00:00,auth_failure,auth,nominal-ish
2026-01-01 21:35:47+00:00,warning,system,nominal
2026-01-01 21:36:04+00:00,process_stop,system,nominal
2026-01-01 21:36:32+00:00,config_change,system,nominal
2026-01-01 21:36:39+00:00,process_stop,system,nominal
2026-01-01 21:38:35+00:00,auth_failure,system,nominal
2026-01-01 21:40:55+00:00,process_start,system,nominal
2026-01-01 21:41:24+00:00,auth_success,system,nominal
2026-01-01 21:42:43+00:00,error,system,nominal
2026-01-01 21:43:43+00:00,error,system,nominal
2026-01-01 21:44:30+00:00,error,system,nominal
2026-01-01 21:44:46+00:00,auth_failure,system,nominal
2026-01-01 21:45:24+00:00,process_stop,system,nominal
2026-01-01 21:45:33+00:00,process_start,system,nominal
2026-01-01 21:45:54+00:00,auth_failure,system,nominal
2026-01-01 21:46:45+00:00,auth_failure,auth,nominal-ish
2026-01-01 21:47:02+00:00,warning,system,nominal
2026-01-01 21:47:15+00:00,config_change,system,nominal
2026-01-01 21:47:31+00:00,auth_failure,auth,nominal-ish
2026-01-01 21:48:12+00:00,process_start,system,nominal
2026-01-01 21:48:24+00:00,warning,system,nominal
2026-01-01 21:48:59+00:00,auth_failure,auth,nominal-ish
2026-01-01 21:49:01+00:00,auth_failure,auth,nominal-ish
2026-01-01 21:51:16+00:00,process_start,system,nominal
2026-01-01 21:52:00+00:00,auth_failure,system,nominal
2026-01-01 21:52:34+00:00,error,system,nominal
2026-01-01 21:58:17+00:00,config_change,system,nominal
2026-01-01 21:58:59+00:00,auth_failure,auth,nominal-ish
2026-01-01 22:02:10+00:00,auth_success,system,nominal
2026-01-01 22:03:01+00:00,auth_failure,system,nominal
2026-01-01 22:03:59+00:00,error,system,nominal
2026-01-01 22:06:21+00:00,auth_failure,auth,nominal-ish
2026-01-01 22:07:18+00:00,auth_success,system,nominal
2026-01-01 22:07:29+00:00,warning,system,nominal
2026-01-01 22:07:30+00:00,error,system,nominal
2026-01-01 22:07:36+00:00,auth_failure,auth,nominal-ish
2026-01-01 22:07:42+00:00,error,system,nominal
2026-01-01 22:07:50+00:00,process_stop,system,nominal
2026-01-01 22:07:55+00:00,auth_failure,system,nominal
2026-01-01 22:07:57+00:00,auth_failure,auth,nominal-ish
2026-01-01 22:08:20+00:00,process_start,system,nominal
2026-01-01 22:08:40+00:00,auth_failure,system,nominal
2026-01-01 22:09:21+00:00,auth_failure,auth,nominal-ish
2026-01-01 22:09:50+00:00,process_start,system,nominal
2026-01-01 22:09:54+00:00,process_start,system,nominal
2026-01-01 22:09:56+00:00,auth_success,system,nominal
2026-01-01 22:10:54+00:00,auth_failure,system,nominal
2026-01-01 22:11:03+00:00,auth_success,system,nominal
2026-01-01 22:11:24+00:00,auth_failure,auth,nominal-ish
2026-01-01 22:12:10+00:00,auth_failure,auth,nominal-ish
2026-01-01 22:12:27+00:00,auth_failure,system,nominal
2026-01-01 22:12:55+00:00,process_stop,system,nominal
2026-01-01 22:13:22+00:00,error,system,nominal
2026-01-01 22:13:42+00:00,auth_failure,auth,nominal-ish
2026-01-01 22:13:45+00:00,auth_failure,system,nominal
2026-01-01 22:13:50+00:00,process_start,system,nominal
2026-01-01 22:14:06+00:00,process_stop,system,nominal
2026-01-01 22:14:58+00:00,process_start,system,nominal
2026-01-01 22:15:33+00:00,auth_failure,system,nominal
2026-01-01 22:16:43+00:00,auth_failure,auth,nominal-ish
2026-01-01 22:16:44+00:00,auth_failure,auth,nominal-ish
2026-01-01 22:17:57+00:00,process_start,system,nominal
2026-01-01 22:18:30+00:00,warning,system,nominal
2026-01-01 22:20:13+00:00,config_change,system,nominal
2026-01-01 22:20:35+00:00,warning,system,nominal
2026-01-01 22:23:51+00:00,error,system,nominal
2026-01-01 22:23:56+00:00,auth_failure,auth,nominal-ish
2026-01-01 22:25:35+00:00,process_start,system,nominal
2026-01-01 22:26:18+00:00,config_change,system,nominal
2026-01-01 22:26:49+00:00,process_start,system,nominal
2026-01-01 22:27:20+00:00,process_start,system,nominal
2026-01-01 22:27:43+00:00,auth_success,system,nominal
2026-01-01 22:27:48+00:00,process_start,system,nominal
2026-01-01 22:28:12+00:00,process_stop,system,nominal
2026-01-01 22:29:43+00:00,process_start,system,nominal
2026-01-01 22:30:20+00:00,auth_failure,system,nominal
2026-01-01 22:30:42+00:00,config_change,system,nominal
2026-01-01 22:30:50+00:00,process_stop,system,nominal
2026-01-01 22:31:16+00:00,warning,system,nominal
2026-01-01 22:31:52+00:00,config_change,system,nominal
2026-01-01 22:31:58+00:00,auth_failure,auth,nominal-ish
2026-01-01 22:32:13+00:00,error,system,nominal
2026-01-01 22:32:48+00:00,auth_failure,auth,nominal-ish
2026-01-01 22:33:39+00:00,auth_failure,system,nominal
2026-01-01 22:33:45+00:00,config_change,system,nominal
2026-01-01 22:34:39+00:00,auth_failure,system,nominal
2026-01-01 22:34:43+00:00,process_start,system,nominal
2026-01-01 22:34:50+00:00,auth_success,system,nominal
2026-01-01 22:35:46+00:00,auth_failure,auth,nominal-ish
2026-01-01 22:36:34+00:00,process_stop,system,nominal
2026-01-01 22:37:37+00:00,auth_failure,auth,nominal-ish
2026-01-01 22:38:20+00:00,process_start,system,nominal
2026-01-01 22:38:37+00:00,auth_failure,auth,nominal-ish
2026-01-01 22:39:41+00:00,auth_failure,auth,nominal-ish
2026-01-01 22:41:13+00:00,error,system,nominal
2026-01-01 22:43:48+00:00,warning,system,nominal
2026-01-01 22:44:06+00:00,warning,system,nominal
2026-01-01 22:44:12+00:00,error,system,nominal
2026-01-01 22:44:13+00:00,auth_failure,auth,nominal-ish
2026-01-01 22:45:00+00:00,process_start,system,nominal
2026-01-01 22:45:51+00:00,config_change,system,nominal
2026-01-01 22:46:08+00:00,auth_failure,auth,nominal-ish
2026-01-01 22:46:46+00:00,config_change,system,nominal
2026-01-01 22:48:39+00:00,auth_failure,auth,nominal-ish
2026-01-01 22:48:50+00:00,error,system,nominal
2026-01-01 22:49:36+00:00,auth_failure,auth,nominal-ish
2026-01-01 22:49:55+00:00,process_stop,system,nominal
2026-01-01 22:53:16+00:00,warning,system,nominal
2026-01-01 22:53:40+00:00,config_change,system,nominal
2026-01-01 22:55:46+00:00,auth_failure,auth,nominal-ish
2026-01-01 22:56:32+00:00,auth_failure,system,nominal
2026-01-01 22:56:49+00:00,auth_failure,auth,nominal-ish
2026-01-01 22:58:25+00:00,process_start,system,nominal
2026-01-01 22:59:29+00:00,process_start,system,nominal
2026-01-01 22:59:36+00:00,process_stop,system,nominal
2026-01-01 22:59:44+00:00,process_stop,system,nominal
2026-01-01 23:00:36+00:00,process_start,system,nominal
2026-01-01 23:00:38+00:00,auth_failure,auth,nominal-ish
2026-01-01 23:00:53+00:00,warning,system,nominal
2026-01-01 23:01:51+00:00,process_start,system,nominal
2026-01-01 23:04:39+00:00,error,system,nominal
2026-01-01 23:04:48+00:00,auth_failure,auth,nominal-ish
2026-01-01 23:05:11+00:00,auth_success,system,nominal
2026-01-01 23:08:18+00:00,error,system,nominal
2026-01-01 23:08:51+00:00,process_start,system,nominal
2026-01-01 23:09:03+00:00,process_start,system,nominal
2026-01-01 23:09:45+00:00,auth_success,system,nominal
2026-01-01 23:10:07+00:00,config_change,system,nominal
2026-01-01 23:10:14+00:00,config_change,system,nominal
2026-01-01 23:10:45+00:00,error,system,nominal
2026-01-01 23:10:51+00:00,auth_failure,auth,nominal-ish
2026-01-01 23:11:41+00:00,config_change,system,nominal
2026-01-01 23:14:15+00:00,config_change,system,nominal
2026-01-01 23:14:38+00:00,process_stop,system,nominal
2026-01-01 23:16:32+00:00,config_change,system,nominal
2026-01-01 23:17:01+00:00,auth_failure,auth,nominal-ish
2026-01-01 23:17:20+00:00,auth_failure,auth,nominal-ish
2026-01-01 23:17:21+00:00,auth_failure,system,nominal
2026-01-01 23:17:31+00:00,auth_success,system,nominal
2026-01-01 23:18:11+00:00,auth_failure,auth,nominal-ish
2026-01-01 23:18:13+00:00,auth_failure,auth,nominal-ish
2026-01-01 23:18:33+00:00,config_change,system,nominal
2026-01-01 23:21:23+00:00,warning,system,nominal
2026-01-01 23:21:32+00:00,config_change,system,nominal
2026-01-01 23:21:41+00:00,auth_success,system,nominal
2026-01-01 23:21:52+00:00,error,system,nominal
2026-01-01 23:22:11+00:00,config_change,system,nominal
2026-01-01 23:24:13+00:00,process_start,system,nominal
2026-01-01 23:24:48+00:00,config_change,system,nominal
2026-01-01 23:25:20+00:00,warning,system,nominal
2026-01-01 23:26:58+00:00,process_stop,system,nominal
2026-01-01 23:27:31+00:00,process_stop,system,nominal
2026-01-01 23:27:38+00:00,process_stop,system,nominal
2026-01-01 23:28:17+00:00,process_start,system,nominal
2026-01-01 23:29:47+00:00,auth_failure,auth,nominal-ish
2026-01-01 23:29:57+00:00,auth_failure,auth,nominal-ish
2026-01-01 23:30:14+00:00,auth_failure,system,nominal
2026-01-01 23:30:28+00:00,error,system,nominal
2026-01-01 23:30:29+00:00,auth_failure,system,nominal
2026-01-01 23:31:39+00:00,warning,system,nominal
2026-01-01 23:32:15+00:00,auth_failure,auth,nominal-ish
2026-01-01 23:32:18+00:00,process_stop,system,nominal
2026-01-01 23:32:55+00:00,auth_success,system,nominal
2026-01-01 23:33:08+00:00,auth_failure,system,nominal
2026-01-01 23:33:30+00:00,process_stop,system,nominal
2026-01-01 23:33:35+00:00,config_change,system,nominal
2026-01-01 23:33:36+00:00,auth_failure,auth,nominal-ish
2026-01-01 23:33:53+00:00,process_stop,system,nominal
2026-01-01 23:34:34+00:00,auth_failure,auth,nominal-ish
2026-01-01 23:34:39+00:00,error,system,nominal
2026-01-01 23:35:55+00:00,warning,system,nominal
2026-01-01 23:37:24+00:00,warning,system,nominal
2026-01-01 23:37:33+00:00,process_stop,system,nominal
2026-01-01 23:37:35+00:00,auth_failure,auth,nominal-ish
2026-01-01 23:37:38+00:00,error,system,nominal
2026-01-01 23:38:05+00:00,process_start,system,nominal
2026-01-01 23:38:15+00:00,error,system,nominal
2026-01-01 23:38:20+00:00,config_change,system,nominal
2026-01-01 23:39:27+00:00,process_start,system,nominal
2026-01-01 23:40:03+00:00,warning,system,nominal
2026-01-01 23:40:33+00:00,auth_failure,auth,nominal-ish
2026-01-01 23:40:55+00:00,auth_success,system,nominal
2026-01-01 23:41:26+00:00,process_stop,system,nominal
2026-01-01 23:43:12+00:00,warning,system,nominal
2026-01-01 23:43:47+00:00,auth_success,system,nominal
2026-01-01 23:45:55+00:00,auth_success,system,nominal
2026-01-01 23:46:32+00:00,process_stop,system,nominal
2026-01-01 23:46:42+00:00,auth_failure,system,nominal
2026-01-01 23:46:49+00:00,process_start,system,nominal
2026-01-01 23:46:50+00:00,warning,system,nominal
2026-01-01 23:46:57+00:00,config_change,system,nominal
2026-01-01 23:47:25+00:00,auth_failure,auth,nominal-ish
2026-01-01 23:48:08+00:00,auth_success,system,nominal
2026-01-01 23:50:13+00:00,process_start,system,nominal
2026-01-01 23:50:20+00:00,error,system,nominal
2026-01-01 23:51:16+00:00,auth_success,system,nominal
2026-01-01 23:51:38+00:00,warning,system,nominal
2026-01-01 23:53:23+00:00,process_stop,system,nominal
2026-01-01 23:53:25+00:00,auth_failure,system,nominal
2026-01-01 23:53:57+00:00,process_stop,system,nominal
2026-01-01 23:54:22+00:00,auth_failure,auth,nominal-ish
2026-01-01 23:54:43+00:00,auth_success,system,nominal
2026-01-01 23:56:16+00:00,process_start,system,nominal
2026-01-01 23:56:45+00:00,auth_failure,auth,nominal-ish
2026-01-01 23:58:24+00:00,error,system,nominal
2026-01-01 23:58:54+00:00,process_stop,system,nominal
2026-01-01 23:59:04+00:00,process_start,system,nominal
2026-01-01 23:59:06+00:00,auth_failure,system,nominal
2026-01-01 23:59:13+00:00,auth_success,system,nominal
2026-01-01 23:59:50+00:00,config_change,system,nominal
