seed,case,kind,method,available,tp,fp,tn,fn,precision,recall,f1,false_positive_rate,detection_rate,detection_latency_seconds,detected_intervals,total_intervals,evaluated_seconds,false_positive_seconds_per_hour,false_alarm_episodes,false_alarm_episodes_per_hour,raw_alert_count,mean_interval_detection_delay_seconds,source_matched_events,source_matched_event_total,source_matched_event_recall,mean_source_matched_delay_seconds
301,E1,nominal,Phase A hybrid,True,0,2268,84132,0,0.0,,0.0,0.02625,,,0,0,86400,94.5,428,17.833333333333332,2268,,0,0,,
301,E1,nominal,Phase A ML,True,0,2268,84132,0,0.0,,0.0,0.02625,,,0,0,86400,94.5,428,17.833333333333332,2268,,0,0,,
301,E1,nominal,Phase A.2 hybrid,True,0,908,85492,0,0.0,,0.0,0.01050925925925926,,,0,0,86400,37.833333333333336,174,7.25,908,,0,0,,
301,E1,nominal,Rules only,True,0,0,86400,0,,,,0.0,,,0,0,86400,0.0,0,0.0,0,,0,0,,
301,E1,nominal,ML only,True,0,908,85492,0,0.0,,0.0,0.01050925925925926,,,0,0,86400,37.833333333333336,174,7.25,908,,0,0,,
301,E1,nominal,Network only,True,0,0,86400,0,,,,0.0,,,0,0,86400,0.0,0,0.0,0,,0,0,,
301,E1,nominal,Without ML,True,0,0,86400,0,,,,0.0,,,0,0,86400,0.0,0,0.0,0,,0,0,,
301,E1,nominal,Without network,True,0,908,85492,0,0.0,,0.0,0.01050925925925926,,,0,0,86400,37.833333333333336,174,7.25,908,,0,0,,
301,E1,nominal,Without rules,True,0,908,85492,0,0.0,,0.0,0.01050925925925926,,,0,0,86400,37.833333333333336,174,7.25,908,,0,0,,
301,E1,nominal,Phase A ML + rolling R2,True,0,2268,84132,0,0.0,,0.0,0.02625,,,0,0,86400,94.5,428,17.833333333333332,2268,,0,0,,
301,E1,nominal,Phase A ML + authorized network,True,0,2268,84132,0,0.0,,0.0,0.02625,,,0,0,86400,94.5,428,17.833333333333332,2268,,0,0,,
301,E1,nominal,Phase A.2 ML + legacy rules/network,True,0,908,85492,0,0.0,,0.0,0.01050925925925926,,,0,0,86400,37.833333333333336,174,7.25,908,,0,0,,
301,E1,nominal,Historical original hybrid,True,0,4668,81732,0,0.0,,0.0,0.05402777777777778,,,0,0,86400,194.5,735,30.625,4668,,0,0,,
301,E2,known synthetic attack,Phase A hybrid,True,1,2268,84131,0,0.00044072278536800354,1.0,0.000881057268722467,0.026250303822960914,1.0,0.0,1,1,86400,94.5,428,17.833333333333332,2269,0.0,1,1,1.0,0.0
301,E2,known synthetic attack,Phase A ML,True,0,2268,84131,1,0.0,0.0,0.0,0.026250303822960914,0.0,,0,1,86400,94.5,428,17.833333333333332,2268,,0,1,0.0,
301,E2,known synthetic attack,Phase A.2 hybrid,True,1,908,85491,0,0.0011001100110011,1.0,0.002197802197802198,0.010509380895612219,1.0,0.0,1,1,86400,37.833333333333336,174,7.25,909,0.0,1,1,1.0,0.0
301,E2,known synthetic attack,Rules only,True,1,0,86399,0,1.0,1.0,1.0,0.0,1.0,0.0,1,1,86400,0.0,0,0.0,1,0.0,1,1,1.0,0.0
301,E2,known synthetic attack,ML only,True,0,908,85491,1,0.0,0.0,0.0,0.010509380895612219,0.0,,0,1,86400,37.833333333333336,174,7.25,908,,0,1,0.0,
301,E2,known synthetic attack,Network only,True,0,0,86399,1,,0.0,0.0,0.0,0.0,,0,1,86400,0.0,0,0.0,0,,0,1,0.0,
301,E2,known synthetic attack,Without ML,True,1,0,86399,0,1.0,1.0,1.0,0.0,1.0,0.0,1,1,86400,0.0,0,0.0,1,0.0,1,1,1.0,0.0
301,E2,known synthetic attack,Without network,True,1,908,85491,0,0.0011001100110011,1.0,0.002197802197802198,0.010509380895612219,1.0,0.0,1,1,86400,37.833333333333336,174,7.25,909,0.0,1,1,1.0,0.0
301,E2,known synthetic attack,Without rules,True,0,908,85491,1,0.0,0.0,0.0,0.010509380895612219,0.0,,0,1,86400,37.833333333333336,174,7.25,908,,0,1,0.0,
301,E2,known synthetic attack,Phase A ML + rolling R2,True,1,2268,84131,0,0.00044072278536800354,1.0,0.000881057268722467,0.026250303822960914,1.0,0.0,1,1,86400,94.5,428,17.833333333333332,2269,0.0,1,1,1.0,0.0
301,E2,known synthetic attack,Phase A ML + authorized network,True,1,2268,84131,0,0.00044072278536800354,1.0,0.000881057268722467,0.026250303822960914,1.0,0.0,1,1,86400,94.5,428,17.833333333333332,2269,0.0,1,1,1.0,0.0
301,E2,known synthetic attack,Phase A.2 ML + legacy rules/network,True,1,908,85491,0,0.0011001100110011,1.0,0.002197802197802198,0.010509380895612219,1.0,0.0,1,1,86400,37.833333333333336,174,7.25,909,0.0,1,1,1.0,0.0
301,E2,known synthetic attack,Historical original hybrid,True,1,4668,81731,0,0.00021417862497322766,1.0,0.00042826552462526765,0.054028403106517436,1.0,0.0,1,1,86400,194.5,735,30.625,4669,0.0,1,1,1.0,0.0
301,E3,known synthetic attack,Phase A hybrid,True,1,2268,84073,58,0.00044072278536800354,0.01694915254237288,0.000859106529209622,0.026267937596275236,1.0,18.0,1,1,86400,94.5,428,17.833333333333332,2269,18.0,1,1,1.0,18.0
301,E3,known synthetic attack,Phase A ML,True,0,2268,84073,59,0.0,0.0,0.0,0.026267937596275236,0.0,,0,1,86400,94.5,428,17.833333333333332,2268,,0,1,0.0,
301,E3,known synthetic attack,Phase A.2 hybrid,True,1,908,85433,58,0.0011001100110011,0.01694915254237288,0.002066115702479339,0.010516440624963807,1.0,18.0,1,1,86400,37.833333333333336,174,7.25,909,18.0,1,1,1.0,18.0
301,E3,known synthetic attack,Rules only,True,1,0,86341,58,1.0,0.01694915254237288,0.03333333333333333,0.0,1.0,18.0,1,1,86400,0.0,0,0.0,1,18.0,1,1,1.0,18.0
301,E3,known synthetic attack,ML only,True,0,908,85433,59,0.0,0.0,0.0,0.010516440624963807,0.0,,0,1,86400,37.833333333333336,174,7.25,908,,0,1,0.0,
301,E3,known synthetic attack,Network only,True,0,0,86341,59,,0.0,0.0,0.0,0.0,,0,1,86400,0.0,0,0.0,0,,0,1,0.0,
301,E3,known synthetic attack,Without ML,True,1,0,86341,58,1.0,0.01694915254237288,0.03333333333333333,0.0,1.0,18.0,1,1,86400,0.0,0,0.0,1,18.0,1,1,1.0,18.0
301,E3,known synthetic attack,Without network,True,1,908,85433,58,0.0011001100110011,0.01694915254237288,0.002066115702479339,0.010516440624963807,1.0,18.0,1,1,86400,37.833333333333336,174,7.25,909,18.0,1,1,1.0,18.0
301,E3,known synthetic attack,Without rules,True,0,908,85433,59,0.0,0.0,0.0,0.010516440624963807,0.0,,0,1,86400,37.833333333333336,174,7.25,908,,0,1,0.0,
301,E3,known synthetic attack,Phase A ML + rolling R2,True,1,2268,84073,58,0.00044072278536800354,0.01694915254237288,0.000859106529209622,0.026267937596275236,1.0,18.0,1,1,86400,94.5,428,17.833333333333332,2269,18.0,1,1,1.0,18.0
301,E3,known synthetic attack,Phase A ML + authorized network,True,1,2268,84073,58,0.00044072278536800354,0.01694915254237288,0.000859106529209622,0.026267937596275236,1.0,18.0,1,1,86400,94.5,428,17.833333333333332,2269,18.0,1,1,1.0,18.0
301,E3,known synthetic attack,Phase A.2 ML + legacy rules/network,True,1,908,85433,58,0.0011001100110011,0.01694915254237288,0.002066115702479339,0.010516440624963807,1.0,18.0,1,1,86400,37.833333333333336,174,7.25,909,18.0,1,1,1.0,18.0
301,E3,known synthetic attack,Historical original hybrid,True,1,4668,81673,58,0.00021417862497322766,0.01694915254237288,0.00042301184433164127,0.05406469695741305,1.0,18.0,1,1,86400,194.5,735,30.625,4669,18.0,1,1,1.0,18.0
301,E4,known synthetic attack,Phase A hybrid,True,120,2268,84012,0,0.05025125628140704,1.0,0.09569377990430622,0.0262865090403338,1.0,0.0,1,1,86400,94.5,428,17.833333333333332,2388,0.0,1,1,1.0,0.0
301,E4,known synthetic attack,Phase A ML,True,0,2268,84012,120,0.0,0.0,0.0,0.0262865090403338,0.0,,0,1,86400,94.5,428,17.833333333333332,2268,,0,1,0.0,
301,E4,known synthetic attack,Phase A.2 hybrid,True,120,908,85372,0,0.11673151750972763,1.0,0.20905923344947736,0.01052387575336115,1.0,0.0,1,1,86400,37.833333333333336,174,7.25,1028,0.0,1,1,1.0,0.0
301,E4,known synthetic attack,Rules only,True,0,0,86280,120,,0.0,0.0,0.0,0.0,,0,1,86400,0.0,0,0.0,0,,0,1,0.0,
301,E4,known synthetic attack,ML only,True,0,908,85372,120,0.0,0.0,0.0,0.01052387575336115,0.0,,0,1,86400,37.833333333333336,174,7.25,908,,0,1,0.0,
301,E4,known synthetic attack,Network only,True,120,0,86280,0,1.0,1.0,1.0,0.0,1.0,0.0,1,1,86400,0.0,0,0.0,120,0.0,1,1,1.0,0.0
301,E4,known synthetic attack,Without ML,True,120,0,86280,0,1.0,1.0,1.0,0.0,1.0,0.0,1,1,86400,0.0,0,0.0,120,0.0,1,1,1.0,0.0
301,E4,known synthetic attack,Without network,True,0,908,85372,120,0.0,0.0,0.0,0.01052387575336115,0.0,,0,1,86400,37.833333333333336,174,7.25,908,,0,1,0.0,
301,E4,known synthetic attack,Without rules,True,120,908,85372,0,0.11673151750972763,1.0,0.20905923344947736,0.01052387575336115,1.0,0.0,1,1,86400,37.833333333333336,174,7.25,1028,0.0,1,1,1.0,0.0
301,E4,known synthetic attack,Phase A ML + rolling R2,True,120,2268,84012,0,0.05025125628140704,1.0,0.09569377990430622,0.0262865090403338,1.0,0.0,1,1,86400,94.5,428,17.833333333333332,2388,0.0,1,1,1.0,0.0
301,E4,known synthetic attack,Phase A ML + authorized network,True,120,2268,84012,0,0.05025125628140704,1.0,0.09569377990430622,0.0262865090403338,1.0,0.0,1,1,86400,94.5,428,17.833333333333332,2388,0.0,1,1,1.0,0.0
301,E4,known synthetic attack,Phase A.2 ML + legacy rules/network,True,120,908,85372,0,0.11673151750972763,1.0,0.20905923344947736,0.01052387575336115,1.0,0.0,1,1,86400,37.833333333333336,174,7.25,1028,0.0,1,1,1.0,0.0
301,E4,known synthetic attack,Historical original hybrid,True,120,4668,81612,0,0.02506265664160401,1.0,0.0488997555012225,0.054102920723226706,1.0,0.0,1,1,86400,194.5,735,30.625,4788,0.0,1,1,1.0,0.0
301,E5,known synthetic attack,Phase A hybrid,True,181,2268,83951,0,0.07390771743568804,1.0,0.1376425855513308,0.026305106763010472,1.0,0.0,1,1,86400,94.5,428,17.833333333333332,2451,0.0,1,1,1.0,0.0
301,E5,known synthetic attack,Phase A ML,True,2,2268,83951,179,0.000881057268722467,0.011049723756906077,0.0016319869441044472,0.026305106763010472,1.0,22.0,1,1,86400,94.5,428,17.833333333333332,2270,22.0,1,1,1.0,22.0
301,E5,known synthetic attack,Phase A.2 hybrid,True,181,908,85311,0,0.16620752984389348,1.0,0.28503937007874014,0.010531321402475093,1.0,0.0,1,1,86400,37.833333333333336,174,7.25,1090,0.0,1,1,1.0,0.0
301,E5,known synthetic attack,Rules only,True,181,0,86219,0,1.0,1.0,1.0,0.0,1.0,0.0,1,1,86400,0.0,0,0.0,181,0.0,1,1,1.0,0.0
301,E5,known synthetic attack,ML only,True,1,908,85311,180,0.0011001100110011,0.0055248618784530384,0.001834862385321101,0.010531321402475093,1.0,44.0,1,1,86400,37.833333333333336,174,7.25,909,44.0,1,1,1.0,44.0
301,E5,known synthetic attack,Network only,True,0,0,86219,181,,0.0,0.0,0.0,0.0,,0,1,86400,0.0,0,0.0,0,,0,1,0.0,
301,E5,known synthetic attack,Without ML,True,181,0,86219,0,1.0,1.0,1.0,0.0,1.0,0.0,1,1,86400,0.0,0,0.0,181,0.0,1,1,1.0,0.0
301,E5,known synthetic attack,Without network,True,181,908,85311,0,0.16620752984389348,1.0,0.28503937007874014,0.010531321402475093,1.0,0.0,1,1,86400,37.833333333333336,174,7.25,1090,0.0,1,1,1.0,0.0
301,E5,known synthetic attack,Without rules,True,1,908,85311,180,0.0011001100110011,0.0055248618784530384,0.001834862385321101,0.010531321402475093,1.0,44.0,1,1,86400,37.833333333333336,174,7.25,909,44.0,1,1,1.0,44.0
301,E5,known synthetic attack,Phase A ML + rolling R2,True,181,2268,83951,0,0.07390771743568804,1.0,0.1376425855513308,0.026305106763010472,1.0,0.0,1,1,86400,94.5,428,17.833333333333332,2451,0.0,1,1,1.0,0.0
301,E5,known synthetic attack,Phase A ML + authorized network,True,181,2268,83951,0,0.07390771743568804,1.0,0.1376425855513308,0.026305106763010472,1.0,0.0,1,1,86400,94.5,428,17.833333333333332,2451,0.0,1,1,1.0,0.0
301,E5,known synthetic attack,Phase A.2 ML + legacy rules/network,True,181,908,85311,0,0.16620752984389348,1.0,0.28503937007874014,0.010531321402475093,1.0,0.0,1,1,86400,37.833333333333336,174,7.25,1090,0.0,1,1,1.0,0.0
301,E5,known synthetic attack,Historical original hybrid,True,181,4668,81551,0,0.03732728397607754,1.0,0.07196819085487077,0.054141198575719966,1.0,0.0,1,1,86400,194.5,735,30.625,4866,0.0,1,1,1.0,0.0
301,E6,known synthetic attack,Phase A hybrid,True,181,2268,83951,0,0.07390771743568804,1.0,0.1376425855513308,0.026305106763010472,1.0,0.0,1,1,86400,94.5,428,17.833333333333332,2572,0.0,3,3,1.0,0.0
301,E6,known synthetic attack,Phase A ML,True,2,2268,83951,179,0.000881057268722467,0.011049723756906077,0.0016319869441044472,0.026305106763010472,1.0,22.0,1,1,86400,94.5,428,17.833333333333332,2270,22.0,1,3,0.3333333333333333,22.0
301,E6,known synthetic attack,Phase A.2 hybrid,True,181,908,85311,0,0.16620752984389348,1.0,0.28503937007874014,0.010531321402475093,1.0,0.0,1,1,86400,37.833333333333336,174,7.25,1211,0.0,3,3,1.0,0.0
301,E6,known synthetic attack,Rules only,True,181,0,86219,0,1.0,1.0,1.0,0.0,1.0,0.0,1,1,86400,0.0,0,0.0,182,0.0,2,3,0.6666666666666666,0.0
301,E6,known synthetic attack,ML only,True,1,908,85311,180,0.0011001100110011,0.0055248618784530384,0.001834862385321101,0.010531321402475093,1.0,44.0,1,1,86400,37.833333333333336,174,7.25,909,44.0,1,3,0.3333333333333333,44.0
301,E6,known synthetic attack,Network only,True,120,0,86219,61,1.0,0.6629834254143646,0.7973421926910299,0.0,1.0,0.0,1,1,86400,0.0,0,0.0,120,0.0,1,3,0.3333333333333333,0.0
301,E6,known synthetic attack,Without ML,True,181,0,86219,0,1.0,1.0,1.0,0.0,1.0,0.0,1,1,86400,0.0,0,0.0,302,0.0,3,3,1.0,0.0
301,E6,known synthetic attack,Without network,True,181,908,85311,0,0.16620752984389348,1.0,0.28503937007874014,0.010531321402475093,1.0,0.0,1,1,86400,37.833333333333336,174,7.25,1091,0.0,2,3,0.6666666666666666,0.0
301,E6,known synthetic attack,Without rules,True,120,908,85311,61,0.11673151750972763,0.6629834254143646,0.19851116625310175,0.010531321402475093,1.0,0.0,1,1,86400,37.833333333333336,174,7.25,1029,0.0,2,3,0.6666666666666666,22.0
301,E6,known synthetic attack,Phase A ML + rolling R2,True,181,2268,83951,0,0.07390771743568804,1.0,0.1376425855513308,0.026305106763010472,1.0,0.0,1,1,86400,94.5,428,17.833333333333332,2572,0.0,3,3,1.0,0.0
301,E6,known synthetic attack,Phase A ML + authorized network,True,181,2268,83951,0,0.07390771743568804,1.0,0.1376425855513308,0.026305106763010472,1.0,0.0,1,1,86400,94.5,428,17.833333333333332,2572,0.0,3,3,1.0,0.0
301,E6,known synthetic attack,Phase A.2 ML + legacy rules/network,True,181,908,85311,0,0.16620752984389348,1.0,0.28503937007874014,0.010531321402475093,1.0,0.0,1,1,86400,37.833333333333336,174,7.25,1211,0.0,3,3,1.0,0.0
301,E6,known synthetic attack,Historical original hybrid,True,181,4668,81551,0,0.03732728397607754,1.0,0.07196819085487077,0.054141198575719966,1.0,0.0,1,1,86400,194.5,735,30.625,4987,0.0,3,3,1.0,0.0
301,E7,known synthetic attack,Phase A hybrid,True,117,2268,84015,0,0.04905660377358491,1.0,0.09352517985611511,0.026285595076666318,1.0,0.0,2,2,86400,94.5,428,17.833333333333332,2506,0.0,6,6,1.0,1.6666666666666667
301,E7,known synthetic attack,Phase A ML,True,57,2268,84015,60,0.024516129032258065,0.48717948717948717,0.04668304668304668,0.026285595076666318,0.5,56.0,1,2,86400,94.5,428,17.833333333333332,2325,56.0,1,6,0.16666666666666666,1.0
301,E7,known synthetic attack,Phase A.2 hybrid,True,117,908,85375,0,0.11414634146341464,1.0,0.20490367775831875,0.010523509845508386,1.0,0.0,2,2,86400,37.833333333333336,174,7.25,1096,0.0,6,6,1.0,1.6666666666666667
301,E7,known synthetic attack,Rules only,True,63,0,86283,54,1.0,0.5384615384615384,0.7,0.0,1.0,20.5,2,2,86400,0.0,0,0.0,63,20.5,3,6,0.5,3.3333333333333335
301,E7,known synthetic attack,ML only,True,7,908,85375,110,0.007650273224043716,0.05982905982905983,0.013565891472868217,0.010523509845508386,0.5,67.0,1,2,86400,37.833333333333336,174,7.25,915,67.0,1,6,0.16666666666666666,12.0
301,E7,known synthetic attack,Network only,True,116,0,86283,1,1.0,0.9914529914529915,0.9957081545064378,0.0,0.5,0.0,1,2,86400,0.0,0,0.0,116,0.0,1,6,0.16666666666666666,0.0
301,E7,known synthetic attack,Without ML,True,117,0,86283,0,1.0,1.0,1.0,0.0,1.0,0.0,2,2,86400,0.0,0,0.0,181,0.0,6,6,1.0,1.6666666666666667
301,E7,known synthetic attack,Without network,True,63,908,85375,54,0.06488156539649846,0.5384615384615384,0.11580882352941177,0.010523509845508386,1.0,20.5,2,2,86400,37.833333333333336,174,7.25,980,20.5,5,6,0.8333333333333334,2.0
301,E7,known synthetic attack,Without rules,True,116,908,85375,1,0.11328125,0.9914529914529915,0.203330411919369,0.010523509845508386,0.5,0.0,1,2,86400,37.833333333333336,174,7.25,1033,0.0,4,6,0.6666666666666666,3.0
301,E7,known synthetic attack,Phase A ML + rolling R2,True,117,2268,84015,0,0.04905660377358491,1.0,0.09352517985611511,0.026285595076666318,1.0,0.0,2,2,86400,94.5,428,17.833333333333332,2506,0.0,6,6,1.0,1.6666666666666667
301,E7,known synthetic attack,Phase A ML + authorized network,True,117,2268,84015,0,0.04905660377358491,1.0,0.09352517985611511,0.026285595076666318,1.0,0.0,2,2,86400,94.5,428,17.833333333333332,2506,0.0,6,6,1.0,1.6666666666666667
301,E7,known synthetic attack,Phase A.2 ML + legacy rules/network,True,117,908,85375,0,0.11414634146341464,1.0,0.20490367775831875,0.010523509845508386,1.0,0.0,2,2,86400,37.833333333333336,174,7.25,1096,0.0,6,6,1.0,1.6666666666666667
301,E7,known synthetic attack,Historical original hybrid,True,117,4668,81615,0,0.02445141065830721,1.0,0.04773561811505508,0.054101039602239144,1.0,0.0,2,2,86400,194.5,735,30.625,4905,0.0,6,6,1.0,1.6666666666666667
301,benign_command_burst,nominal,Phase A hybrid,True,0,2269,84131,0,0.0,,0.0,0.026261574074074073,,,0,0,86400,94.54166666666667,429,17.875,2269,,0,0,,
301,benign_command_burst,nominal,Phase A ML,True,0,2268,84132,0,0.0,,0.0,0.02625,,,0,0,86400,94.5,428,17.833333333333332,2268,,0,0,,
301,benign_command_burst,nominal,Phase A.2 hybrid,True,0,909,85491,0,0.0,,0.0,0.010520833333333333,,,0,0,86400,37.875,175,7.291666666666667,909,,0,0,,
301,benign_command_burst,nominal,Rules only,True,0,1,86399,0,0.0,,0.0,1.1574074074074073e-05,,,0,0,86400,0.041666666666666664,1,0.041666666666666664,1,,0,0,,
301,benign_command_burst,nominal,ML only,True,0,908,85492,0,0.0,,0.0,0.01050925925925926,,,0,0,86400,37.833333333333336,174,7.25,908,,0,0,,
301,benign_command_burst,nominal,Network only,True,0,0,86400,0,,,,0.0,,,0,0,86400,0.0,0,0.0,0,,0,0,,
301,benign_command_burst,nominal,Without ML,True,0,1,86399,0,0.0,,0.0,1.1574074074074073e-05,,,0,0,86400,0.041666666666666664,1,0.041666666666666664,1,,0,0,,
301,benign_command_burst,nominal,Without network,True,0,909,85491,0,0.0,,0.0,0.010520833333333333,,,0,0,86400,37.875,175,7.291666666666667,909,,0,0,,
301,benign_command_burst,nominal,Without rules,True,0,908,85492,0,0.0,,0.0,0.01050925925925926,,,0,0,86400,37.833333333333336,174,7.25,908,,0,0,,
301,benign_command_burst,nominal,Phase A ML + rolling R2,True,0,2269,84131,0,0.0,,0.0,0.026261574074074073,,,0,0,86400,94.54166666666667,429,17.875,2269,,0,0,,
301,benign_command_burst,nominal,Phase A ML + authorized network,True,0,2269,84131,0,0.0,,0.0,0.026261574074074073,,,0,0,86400,94.54166666666667,429,17.875,2269,,0,0,,
301,benign_command_burst,nominal,Phase A.2 ML + legacy rules/network,True,0,909,85491,0,0.0,,0.0,0.010520833333333333,,,0,0,86400,37.875,175,7.291666666666667,909,,0,0,,
301,benign_command_burst,nominal,Historical original hybrid,True,0,4669,81731,0,0.0,,0.0,0.05403935185185185,,,0,0,86400,194.54166666666666,736,30.666666666666668,4669,,0,0,,
301,benign_authorized_peer,nominal,Phase A hybrid,True,0,2358,84042,0,0.0,,0.0,0.027291666666666665,,,0,0,86400,98.25,429,17.875,2358,,0,0,,
301,benign_authorized_peer,nominal,Phase A ML,True,0,2268,84132,0,0.0,,0.0,0.02625,,,0,0,86400,94.5,428,17.833333333333332,2268,,0,0,,
301,benign_authorized_peer,nominal,Phase A.2 hybrid,True,0,908,85492,0,0.0,,0.0,0.01050925925925926,,,0,0,86400,37.833333333333336,174,7.25,908,,0,0,,
301,benign_authorized_peer,nominal,Rules only,True,0,0,86400,0,,,,0.0,,,0,0,86400,0.0,0,0.0,0,,0,0,,
301,benign_authorized_peer,nominal,ML only,True,0,908,85492,0,0.0,,0.0,0.01050925925925926,,,0,0,86400,37.833333333333336,174,7.25,908,,0,0,,
301,benign_authorized_peer,nominal,Network only,True,0,0,86400,0,,,,0.0,,,0,0,86400,0.0,0,0.0,0,,0,0,,
301,benign_authorized_peer,nominal,Without ML,True,0,0,86400,0,,,,0.0,,,0,0,86400,0.0,0,0.0,0,,0,0,,
301,benign_authorized_peer,nominal,Without network,True,0,908,85492,0,0.0,,0.0,0.01050925925925926,,,0,0,86400,37.833333333333336,174,7.25,908,,0,0,,
301,benign_authorized_peer,nominal,Without rules,True,0,908,85492,0,0.0,,0.0,0.01050925925925926,,,0,0,86400,37.833333333333336,174,7.25,908,,0,0,,
301,benign_authorized_peer,nominal,Phase A ML + rolling R2,True,0,2358,84042,0,0.0,,0.0,0.027291666666666665,,,0,0,86400,98.25,429,17.875,2358,,0,0,,
301,benign_authorized_peer,nominal,Phase A ML + authorized network,True,0,2268,84132,0,0.0,,0.0,0.02625,,,0,0,86400,94.5,428,17.833333333333332,2268,,0,0,,
301,benign_authorized_peer,nominal,Phase A.2 ML + legacy rules/network,True,0,998,85402,0,0.0,,0.0,0.011550925925925926,,,0,0,86400,41.583333333333336,175,7.291666666666667,998,,0,0,,
301,benign_authorized_peer,nominal,Historical original hybrid,True,0,4758,81642,0,0.0,,0.0,0.05506944444444444,,,0,0,86400,198.25,736,30.666666666666668,4758,,0,0,,
301,benign_load,nominal,Phase A hybrid,True,0,2268,84132,0,0.0,,0.0,0.02625,,,0,0,86400,94.5,428,17.833333333333332,2268,,0,0,,
301,benign_load,nominal,Phase A ML,True,0,2268,84132,0,0.0,,0.0,0.02625,,,0,0,86400,94.5,428,17.833333333333332,2268,,0,0,,
301,benign_load,nominal,Phase A.2 hybrid,True,0,908,85492,0,0.0,,0.0,0.01050925925925926,,,0,0,86400,37.833333333333336,174,7.25,908,,0,0,,
301,benign_load,nominal,Rules only,True,0,0,86400,0,,,,0.0,,,0,0,86400,0.0,0,0.0,0,,0,0,,
301,benign_load,nominal,ML only,True,0,908,85492,0,0.0,,0.0,0.01050925925925926,,,0,0,86400,37.833333333333336,174,7.25,908,,0,0,,
301,benign_load,nominal,Network only,True,0,0,86400,0,,,,0.0,,,0,0,86400,0.0,0,0.0,0,,0,0,,
301,benign_load,nominal,Without ML,True,0,0,86400,0,,,,0.0,,,0,0,86400,0.0,0,0.0,0,,0,0,,
301,benign_load,nominal,Without network,True,0,908,85492,0,0.0,,0.0,0.01050925925925926,,,0,0,86400,37.833333333333336,174,7.25,908,,0,0,,
301,benign_load,nominal,Without rules,True,0,908,85492,0,0.0,,0.0,0.01050925925925926,,,0,0,86400,37.833333333333336,174,7.25,908,,0,0,,
301,benign_load,nominal,Phase A ML + rolling R2,True,0,2268,84132,0,0.0,,0.0,0.02625,,,0,0,86400,94.5,428,17.833333333333332,2268,,0,0,,
301,benign_load,nominal,Phase A ML + authorized network,True,0,2268,84132,0,0.0,,0.0,0.02625,,,0,0,86400,94.5,428,17.833333333333332,2268,,0,0,,
301,benign_load,nominal,Phase A.2 ML + legacy rules/network,True,0,908,85492,0,0.0,,0.0,0.01050925925925926,,,0,0,86400,37.833333333333336,174,7.25,908,,0,0,,
301,benign_load,nominal,Historical original hybrid,True,0,4668,81732,0,0.0,,0.0,0.05402777777777778,,,0,0,86400,194.5,735,30.625,4668,,0,0,,
301,benign_telemetry,nominal,Phase A hybrid,True,0,8078,78322,0,0.0,,0.0,0.09349537037037037,,,0,0,86400,336.5833333333333,454,18.916666666666668,8078,,0,0,,
301,benign_telemetry,nominal,Phase A ML,True,0,8078,78322,0,0.0,,0.0,0.09349537037037037,,,0,0,86400,336.5833333333333,454,18.916666666666668,8078,,0,0,,
301,benign_telemetry,nominal,Phase A.2 hybrid,True,0,2098,84302,0,0.0,,0.0,0.02428240740740741,,,0,0,86400,87.41666666666667,337,14.041666666666666,2098,,0,0,,
301,benign_telemetry,nominal,Rules only,True,0,0,86400,0,,,,0.0,,,0,0,86400,0.0,0,0.0,0,,0,0,,
301,benign_telemetry,nominal,ML only,True,0,2098,84302,0,0.0,,0.0,0.02428240740740741,,,0,0,86400,87.41666666666667,337,14.041666666666666,2098,,0,0,,
301,benign_telemetry,nominal,Network only,True,0,0,86400,0,,,,0.0,,,0,0,86400,0.0,0,0.0,0,,0,0,,
301,benign_telemetry,nominal,Without ML,True,0,0,86400,0,,,,0.0,,,0,0,86400,0.0,0,0.0,0,,0,0,,
301,benign_telemetry,nominal,Without network,True,0,2098,84302,0,0.0,,0.0,0.02428240740740741,,,0,0,86400,87.41666666666667,337,14.041666666666666,2098,,0,0,,
301,benign_telemetry,nominal,Without rules,True,0,2098,84302,0,0.0,,0.0,0.02428240740740741,,,0,0,86400,87.41666666666667,337,14.041666666666666,2098,,0,0,,
301,benign_telemetry,nominal,Phase A ML + rolling R2,True,0,8078,78322,0,0.0,,0.0,0.09349537037037037,,,0,0,86400,336.5833333333333,454,18.916666666666668,8078,,0,0,,
301,benign_telemetry,nominal,Phase A ML + authorized network,True,0,8078,78322,0,0.0,,0.0,0.09349537037037037,,,0,0,86400,336.5833333333333,454,18.916666666666668,8078,,0,0,,
301,benign_telemetry,nominal,Phase A.2 ML + legacy rules/network,True,0,2098,84302,0,0.0,,0.0,0.02428240740740741,,,0,0,86400,87.41666666666667,337,14.041666666666666,2098,,0,0,,
301,benign_telemetry,nominal,Historical original hybrid,True,0,8704,77696,0,0.0,,0.0,0.10074074074074074,,,0,0,86400,362.6666666666667,361,15.041666666666666,8704,,0,0,,
301,attack_primary_unauthorized,known synthetic attack,Phase A hybrid,True,1,2268,84131,0,0.00044072278536800354,1.0,0.000881057268722467,0.026250303822960914,1.0,0.0,1,1,86400,94.5,428,17.833333333333332,2269,0.0,1,1,1.0,0.0
301,attack_primary_unauthorized,known synthetic attack,Phase A ML,True,0,2268,84131,1,0.0,0.0,0.0,0.026250303822960914,0.0,,0,1,86400,94.5,428,17.833333333333332,2268,,0,1,0.0,
301,attack_primary_unauthorized,known synthetic attack,Phase A.2 hybrid,True,1,908,85491,0,0.0011001100110011,1.0,0.002197802197802198,0.010509380895612219,1.0,0.0,1,1,86400,37.833333333333336,174,7.25,909,0.0,1,1,1.0,0.0
301,attack_primary_unauthorized,known synthetic attack,Rules only,True,1,0,86399,0,1.0,1.0,1.0,0.0,1.0,0.0,1,1,86400,0.0,0,0.0,1,0.0,1,1,1.0,0.0
301,attack_primary_unauthorized,known synthetic attack,ML only,True,0,908,85491,1,0.0,0.0,0.0,0.010509380895612219,0.0,,0,1,86400,37.833333333333336,174,7.25,908,,0,1,0.0,
301,attack_primary_unauthorized,known synthetic attack,Network only,True,0,0,86399,1,,0.0,0.0,0.0,0.0,,0,1,86400,0.0,0,0.0,0,,0,1,0.0,
301,attack_primary_unauthorized,known synthetic attack,Without ML,True,1,0,86399,0,1.0,1.0,1.0,0.0,1.0,0.0,1,1,86400,0.0,0,0.0,1,0.0,1,1,1.0,0.0
301,attack_primary_unauthorized,known synthetic attack,Without network,True,1,908,85491,0,0.0011001100110011,1.0,0.002197802197802198,0.010509380895612219,1.0,0.0,1,1,86400,37.833333333333336,174,7.25,909,0.0,1,1,1.0,0.0
301,attack_primary_unauthorized,known synthetic attack,Without rules,True,0,908,85491,1,0.0,0.0,0.0,0.010509380895612219,0.0,,0,1,86400,37.833333333333336,174,7.25,908,,0,1,0.0,
301,attack_primary_unauthorized,known synthetic attack,Phase A ML + rolling R2,True,1,2268,84131,0,0.00044072278536800354,1.0,0.000881057268722467,0.026250303822960914,1.0,0.0,1,1,86400,94.5,428,17.833333333333332,2269,0.0,1,1,1.0,0.0
301,attack_primary_unauthorized,known synthetic attack,Phase A ML + authorized network,True,1,2268,84131,0,0.00044072278536800354,1.0,0.000881057268722467,0.026250303822960914,1.0,0.0,1,1,86400,94.5,428,17.833333333333332,2269,0.0,1,1,1.0,0.0
301,attack_primary_unauthorized,known synthetic attack,Phase A.2 ML + legacy rules/network,True,1,908,85491,0,0.0011001100110011,1.0,0.002197802197802198,0.010509380895612219,1.0,0.0,1,1,86400,37.833333333333336,174,7.25,909,0.0,1,1,1.0,0.0
301,attack_primary_unauthorized,known synthetic attack,Historical original hybrid,True,0,4668,81731,1,0.0,0.0,0.0,0.054028403106517436,0.0,,0,1,86400,194.5,735,30.625,4668,,0,1,0.0,
301,attack_boundary_flood,known synthetic attack,Phase A hybrid,True,0,2268,84120,12,0.0,0.0,0.0,0.026253646339769413,0.0,,0,1,86400,94.5,428,17.833333333333332,2268,,0,1,0.0,
301,attack_boundary_flood,known synthetic attack,Phase A ML,True,0,2268,84120,12,0.0,0.0,0.0,0.026253646339769413,0.0,,0,1,86400,94.5,428,17.833333333333332,2268,,0,1,0.0,
301,attack_boundary_flood,known synthetic attack,Phase A.2 hybrid,True,1,908,85480,11,0.0011001100110011,0.08333333333333333,0.002171552660152009,0.010510719081353892,1.0,10.0,1,1,86400,37.833333333333336,174,7.25,909,10.0,1,1,1.0,10.0
301,attack_boundary_flood,known synthetic attack,Rules only,True,1,0,86388,11,1.0,0.08333333333333333,0.15384615384615385,0.0,1.0,10.0,1,1,86400,0.0,0,0.0,1,10.0,1,1,1.0,10.0
301,attack_boundary_flood,known synthetic attack,ML only,True,0,908,85480,12,0.0,0.0,0.0,0.010510719081353892,0.0,,0,1,86400,37.833333333333336,174,7.25,908,,0,1,0.0,
301,attack_boundary_flood,known synthetic attack,Network only,True,0,0,86388,12,,0.0,0.0,0.0,0.0,,0,1,86400,0.0,0,0.0,0,,0,1,0.0,
301,attack_boundary_flood,known synthetic attack,Without ML,True,1,0,86388,11,1.0,0.08333333333333333,0.15384615384615385,0.0,1.0,10.0,1,1,86400,0.0,0,0.0,1,10.0,1,1,1.0,10.0
301,attack_boundary_flood,known synthetic attack,Without network,True,1,908,85480,11,0.0011001100110011,0.08333333333333333,0.002171552660152009,0.010510719081353892,1.0,10.0,1,1,86400,37.833333333333336,174,7.25,909,10.0,1,1,1.0,10.0
301,attack_boundary_flood,known synthetic attack,Without rules,True,0,908,85480,12,0.0,0.0,0.0,0.010510719081353892,0.0,,0,1,86400,37.833333333333336,174,7.25,908,,0,1,0.0,
301,attack_boundary_flood,known synthetic attack,Phase A ML + rolling R2,True,1,2268,84120,11,0.00044072278536800354,0.08333333333333333,0.0008768084173608067,0.026253646339769413,1.0,10.0,1,1,86400,94.5,428,17.833333333333332,2269,10.0,1,1,1.0,10.0
301,attack_boundary_flood,known synthetic attack,Phase A ML + authorized network,True,0,2268,84120,12,0.0,0.0,0.0,0.026253646339769413,0.0,,0,1,86400,94.5,428,17.833333333333332,2268,,0,1,0.0,
301,attack_boundary_flood,known synthetic attack,Phase A.2 ML + legacy rules/network,True,0,908,85480,12,0.0,0.0,0.0,0.010510719081353892,0.0,,0,1,86400,37.833333333333336,174,7.25,908,,0,1,0.0,
301,attack_boundary_flood,known synthetic attack,Historical original hybrid,True,0,4668,81720,12,0.0,0.0,0.0,0.05403528267814974,0.0,,0,1,86400,194.5,735,30.625,4668,,0,1,0.0,
301,attack_low_network,known synthetic attack,Phase A hybrid,True,1,2268,84042,89,0.00044072278536800354,0.011111111111111112,0.000847816871555744,0.026277372262773723,1.0,0.0,1,1,86400,94.5,428,17.833333333333332,2269,0.0,1,1,1.0,0.0
301,attack_low_network,known synthetic attack,Phase A ML,True,0,2268,84042,90,0.0,0.0,0.0,0.026277372262773723,0.0,,0,1,86400,94.5,428,17.833333333333332,2268,,0,1,0.0,
301,attack_low_network,known synthetic attack,Phase A.2 hybrid,True,1,908,85402,89,0.0011001100110011,0.011111111111111112,0.002002002002002002,0.010520217819487893,1.0,0.0,1,1,86400,37.833333333333336,174,7.25,909,0.0,1,1,1.0,0.0
301,attack_low_network,known synthetic attack,Rules only,True,0,0,86310,90,,0.0,0.0,0.0,0.0,,0,1,86400,0.0,0,0.0,0,,0,1,0.0,
301,attack_low_network,known synthetic attack,ML only,True,0,908,85402,90,0.0,0.0,0.0,0.010520217819487893,0.0,,0,1,86400,37.833333333333336,174,7.25,908,,0,1,0.0,
301,attack_low_network,known synthetic attack,Network only,True,1,0,86310,89,1.0,0.011111111111111112,0.02197802197802198,0.0,1.0,0.0,1,1,86400,0.0,0,0.0,1,0.0,1,1,1.0,0.0
301,attack_low_network,known synthetic attack,Without ML,True,1,0,86310,89,1.0,0.011111111111111112,0.02197802197802198,0.0,1.0,0.0,1,1,86400,0.0,0,0.0,1,0.0,1,1,1.0,0.0
301,attack_low_network,known synthetic attack,Without network,True,0,908,85402,90,0.0,0.0,0.0,0.010520217819487893,0.0,,0,1,86400,37.833333333333336,174,7.25,908,,0,1,0.0,
301,attack_low_network,known synthetic attack,Without rules,True,1,908,85402,89,0.0011001100110011,0.011111111111111112,0.002002002002002002,0.010520217819487893,1.0,0.0,1,1,86400,37.833333333333336,174,7.25,909,0.0,1,1,1.0,0.0
301,attack_low_network,known synthetic attack,Phase A ML + rolling R2,True,1,2268,84042,89,0.00044072278536800354,0.011111111111111112,0.000847816871555744,0.026277372262773723,1.0,0.0,1,1,86400,94.5,428,17.833333333333332,2269,0.0,1,1,1.0,0.0
301,attack_low_network,known synthetic attack,Phase A ML + authorized network,True,1,2268,84042,89,0.00044072278536800354,0.011111111111111112,0.000847816871555744,0.026277372262773723,1.0,0.0,1,1,86400,94.5,428,17.833333333333332,2269,0.0,1,1,1.0,0.0
301,attack_low_network,known synthetic attack,Phase A.2 ML + legacy rules/network,True,1,908,85402,89,0.0011001100110011,0.011111111111111112,0.002002002002002002,0.010520217819487893,1.0,0.0,1,1,86400,37.833333333333336,174,7.25,909,0.0,1,1,1.0,0.0
301,attack_low_network,known synthetic attack,Historical original hybrid,True,1,4668,81642,89,0.00021417862497322766,0.011111111111111112,0.0004202563563773902,0.05408411539798401,1.0,0.0,1,1,86400,194.5,735,30.625,4669,0.0,1,1,1.0,0.0
301,attack_short_thermal,known synthetic attack,Phase A hybrid,True,15,2268,84117,0,0.006570302233902759,1.0,0.013054830287206266,0.02625455808300052,1.0,0.0,1,1,86400,94.5,428,17.833333333333332,2283,0.0,1,1,1.0,0.0
301,attack_short_thermal,known synthetic attack,Phase A ML,True,0,2268,84117,15,0.0,0.0,0.0,0.02625455808300052,0.0,,0,1,86400,94.5,428,17.833333333333332,2268,,0,1,0.0,
301,attack_short_thermal,known synthetic attack,Phase A.2 hybrid,True,15,908,85477,0,0.016251354279523293,1.0,0.031982942430703626,0.010511084100248886,1.0,0.0,1,1,86400,37.833333333333336,174,7.25,925,0.0,1,1,1.0,0.0
301,attack_short_thermal,known synthetic attack,Rules only,True,15,0,86385,0,1.0,1.0,1.0,0.0,1.0,0.0,1,1,86400,0.0,0,0.0,15,0.0,1,1,1.0,0.0
301,attack_short_thermal,known synthetic attack,ML only,True,2,908,85477,13,0.002197802197802198,0.13333333333333333,0.004324324324324324,0.010511084100248886,1.0,10.0,1,1,86400,37.833333333333336,174,7.25,910,10.0,1,1,1.0,10.0
301,attack_short_thermal,known synthetic attack,Network only,True,0,0,86385,15,,0.0,0.0,0.0,0.0,,0,1,86400,0.0,0,0.0,0,,0,1,0.0,
301,attack_short_thermal,known synthetic attack,Without ML,True,15,0,86385,0,1.0,1.0,1.0,0.0,1.0,0.0,1,1,86400,0.0,0,0.0,15,0.0,1,1,1.0,0.0
301,attack_short_thermal,known synthetic attack,Without network,True,15,908,85477,0,0.016251354279523293,1.0,0.031982942430703626,0.010511084100248886,1.0,0.0,1,1,86400,37.833333333333336,174,7.25,925,0.0,1,1,1.0,0.0
301,attack_short_thermal,known synthetic attack,Without rules,True,2,908,85477,13,0.002197802197802198,0.13333333333333333,0.004324324324324324,0.010511084100248886,1.0,10.0,1,1,86400,37.833333333333336,174,7.25,910,10.0,1,1,1.0,10.0
301,attack_short_thermal,known synthetic attack,Phase A ML + rolling R2,True,15,2268,84117,0,0.006570302233902759,1.0,0.013054830287206266,0.02625455808300052,1.0,0.0,1,1,86400,94.5,428,17.833333333333332,2283,0.0,1,1,1.0,0.0
301,attack_short_thermal,known synthetic attack,Phase A ML + authorized network,True,15,2268,84117,0,0.006570302233902759,1.0,0.013054830287206266,0.02625455808300052,1.0,0.0,1,1,86400,94.5,428,17.833333333333332,2283,0.0,1,1,1.0,0.0
301,attack_short_thermal,known synthetic attack,Phase A.2 ML + legacy rules/network,True,15,908,85477,0,0.016251354279523293,1.0,0.031982942430703626,0.010511084100248886,1.0,0.0,1,1,86400,37.833333333333336,174,7.25,925,0.0,1,1,1.0,0.0
301,attack_short_thermal,known synthetic attack,Historical original hybrid,True,15,4676,81709,0,0.003197612449371136,1.0,0.006374840628984276,0.05412976789951959,1.0,0.0,1,1,86400,194.83333333333334,736,30.666666666666668,4702,0.0,1,1,1.0,0.0
301,attack_reordered,known synthetic attack,Phase A hybrid,True,105,2268,84027,0,0.04424778761061947,1.0,0.0847457627118644,0.02628193985746567,1.0,0.0,2,2,86400,94.5,428,17.833333333333332,2374,0.0,3,3,1.0,0.0
301,attack_reordered,known synthetic attack,Phase A ML,True,0,2268,84027,105,0.0,0.0,0.0,0.02628193985746567,0.0,,0,2,86400,94.5,428,17.833333333333332,2268,,0,3,0.0,
301,attack_reordered,known synthetic attack,Phase A.2 hybrid,True,105,908,85387,0,0.10365251727541955,1.0,0.18783542039355994,0.010522046468509183,1.0,0.0,2,2,86400,37.833333333333336,174,7.25,1016,0.0,3,3,1.0,0.0
301,attack_reordered,known synthetic attack,Rules only,True,16,0,86295,89,1.0,0.1523809523809524,0.2644628099173554,0.0,1.0,15.0,2,2,86400,0.0,0,0.0,16,15.0,2,3,0.6666666666666666,0.0
301,attack_reordered,known synthetic attack,ML only,True,2,908,85387,103,0.002197802197802198,0.01904761904761905,0.003940886699507389,0.010522046468509183,0.5,10.0,1,2,86400,37.833333333333336,174,7.25,910,10.0,1,3,0.3333333333333333,10.0
301,attack_reordered,known synthetic attack,Network only,True,90,0,86295,15,1.0,0.8571428571428571,0.9230769230769231,0.0,0.5,0.0,1,2,86400,0.0,0,0.0,90,0.0,1,3,0.3333333333333333,0.0
301,attack_reordered,known synthetic attack,Without ML,True,105,0,86295,0,1.0,1.0,1.0,0.0,1.0,0.0,2,2,86400,0.0,0,0.0,106,0.0,3,3,1.0,0.0
301,attack_reordered,known synthetic attack,Without network,True,16,908,85387,89,0.017316017316017316,0.1523809523809524,0.031098153547133137,0.010522046468509183,1.0,15.0,2,2,86400,37.833333333333336,174,7.25,926,15.0,2,3,0.6666666666666666,0.0
301,attack_reordered,known synthetic attack,Without rules,True,92,908,85387,13,0.092,0.8761904761904762,0.1665158371040724,0.010522046468509183,1.0,5.0,2,2,86400,37.833333333333336,174,7.25,1000,5.0,2,3,0.6666666666666666,5.0
301,attack_reordered,known synthetic attack,Phase A ML + rolling R2,True,105,2268,84027,0,0.04424778761061947,1.0,0.0847457627118644,0.02628193985746567,1.0,0.0,2,2,86400,94.5,428,17.833333333333332,2374,0.0,3,3,1.0,0.0
301,attack_reordered,known synthetic attack,Phase A ML + authorized network,True,105,2268,84027,0,0.04424778761061947,1.0,0.0847457627118644,0.02628193985746567,1.0,0.0,2,2,86400,94.5,428,17.833333333333332,2374,0.0,3,3,1.0,0.0
301,attack_reordered,known synthetic attack,Phase A.2 ML + legacy rules/network,True,105,908,85387,0,0.10365251727541955,1.0,0.18783542039355994,0.010522046468509183,1.0,0.0,2,2,86400,37.833333333333336,174,7.25,1016,0.0,3,3,1.0,0.0
301,attack_reordered,known synthetic attack,Historical original hybrid,True,105,4676,81619,0,0.021961932650073207,1.0,0.04297994269340974,0.05418622168144157,1.0,0.0,2,2,86400,194.83333333333334,736,30.666666666666668,4792,0.0,2,3,0.6666666666666666,0.0
302,E1,nominal,Phase A hybrid,True,0,2371,84029,0,0.0,,0.0,0.02744212962962963,,,0,0,86400,98.79166666666667,443,18.458333333333332,2371,,0,0,,
302,E1,nominal,Phase A ML,True,0,2371,84029,0,0.0,,0.0,0.02744212962962963,,,0,0,86400,98.79166666666667,443,18.458333333333332,2371,,0,0,,
302,E1,nominal,Phase A.2 hybrid,True,0,863,85537,0,0.0,,0.0,0.009988425925925927,,,0,0,86400,35.958333333333336,176,7.333333333333333,863,,0,0,,
302,E1,nominal,Rules only,True,0,0,86400,0,,,,0.0,,,0,0,86400,0.0,0,0.0,0,,0,0,,
302,E1,nominal,ML only,True,0,863,85537,0,0.0,,0.0,0.009988425925925927,,,0,0,86400,35.958333333333336,176,7.333333333333333,863,,0,0,,
302,E1,nominal,Network only,True,0,0,86400,0,,,,0.0,,,0,0,86400,0.0,0,0.0,0,,0,0,,
302,E1,nominal,Without ML,True,0,0,86400,0,,,,0.0,,,0,0,86400,0.0,0,0.0,0,,0,0,,
302,E1,nominal,Without network,True,0,863,85537,0,0.0,,0.0,0.009988425925925927,,,0,0,86400,35.958333333333336,176,7.333333333333333,863,,0,0,,
302,E1,nominal,Without rules,True,0,863,85537,0,0.0,,0.0,0.009988425925925927,,,0,0,86400,35.958333333333336,176,7.333333333333333,863,,0,0,,
302,E1,nominal,Phase A ML + rolling R2,True,0,2371,84029,0,0.0,,0.0,0.02744212962962963,,,0,0,86400,98.79166666666667,443,18.458333333333332,2371,,0,0,,
302,E1,nominal,Phase A ML + authorized network,True,0,2371,84029,0,0.0,,0.0,0.02744212962962963,,,0,0,86400,98.79166666666667,443,18.458333333333332,2371,,0,0,,
302,E1,nominal,Phase A.2 ML + legacy rules/network,True,0,863,85537,0,0.0,,0.0,0.009988425925925927,,,0,0,86400,35.958333333333336,176,7.333333333333333,863,,0,0,,
302,E1,nominal,Historical original hybrid,True,0,4440,81960,0,0.0,,0.0,0.05138888888888889,,,0,0,86400,185.0,636,26.5,4440,,0,0,,
302,E2,known synthetic attack,Phase A hybrid,True,1,2371,84028,0,0.00042158516020236085,1.0,0.0008428150021070375,0.02744244725054688,1.0,0.0,1,1,86400,98.79166666666667,443,18.458333333333332,2372,0.0,1,1,1.0,0.0
302,E2,known synthetic attack,Phase A ML,True,0,2371,84028,1,0.0,0.0,0.0,0.02744244725054688,0.0,,0,1,86400,98.79166666666667,443,18.458333333333332,2371,,0,1,0.0,
302,E2,known synthetic attack,Phase A.2 hybrid,True,1,863,85536,0,0.0011574074074074073,1.0,0.0023121387283236996,0.009988541534045534,1.0,0.0,1,1,86400,35.958333333333336,176,7.333333333333333,864,0.0,1,1,1.0,0.0
302,E2,known synthetic attack,Rules only,True,1,0,86399,0,1.0,1.0,1.0,0.0,1.0,0.0,1,1,86400,0.0,0,0.0,1,0.0,1,1,1.0,0.0
302,E2,known synthetic attack,ML only,True,0,863,85536,1,0.0,0.0,0.0,0.009988541534045534,0.0,,0,1,86400,35.958333333333336,176,7.333333333333333,863,,0,1,0.0,
302,E2,known synthetic attack,Network only,True,0,0,86399,1,,0.0,0.0,0.0,0.0,,0,1,86400,0.0,0,0.0,0,,0,1,0.0,
302,E2,known synthetic attack,Without ML,True,1,0,86399,0,1.0,1.0,1.0,0.0,1.0,0.0,1,1,86400,0.0,0,0.0,1,0.0,1,1,1.0,0.0
302,E2,known synthetic attack,Without network,True,1,863,85536,0,0.0011574074074074073,1.0,0.0023121387283236996,0.009988541534045534,1.0,0.0,1,1,86400,35.958333333333336,176,7.333333333333333,864,0.0,1,1,1.0,0.0
302,E2,known synthetic attack,Without rules,True,0,863,85536,1,0.0,0.0,0.0,0.009988541534045534,0.0,,0,1,86400,35.958333333333336,176,7.333333333333333,863,,0,1,0.0,
302,E2,known synthetic attack,Phase A ML + rolling R2,True,1,2371,84028,0,0.00042158516020236085,1.0,0.0008428150021070375,0.02744244725054688,1.0,0.0,1,1,86400,98.79166666666667,443,18.458333333333332,2372,0.0,1,1,1.0,0.0
302,E2,known synthetic attack,Phase A ML + authorized network,True,1,2371,84028,0,0.00042158516020236085,1.0,0.0008428150021070375,0.02744244725054688,1.0,0.0,1,1,86400,98.79166666666667,443,18.458333333333332,2372,0.0,1,1,1.0,0.0
302,E2,known synthetic attack,Phase A.2 ML + legacy rules/network,True,1,863,85536,0,0.0011574074074074073,1.0,0.0023121387283236996,0.009988541534045534,1.0,0.0,1,1,86400,35.958333333333336,176,7.333333333333333,864,0.0,1,1,1.0,0.0
302,E2,known synthetic attack,Historical original hybrid,True,1,4440,81959,0,0.00022517451024544022,1.0,0.00045024763619990995,0.051389483674579566,1.0,0.0,1,1,86400,185.0,636,26.5,4441,0.0,1,1,1.0,0.0
302,E3,known synthetic attack,Phase A hybrid,True,1,2371,83970,58,0.00042158516020236085,0.01694915254237288,0.0008227067050596463,0.02746088185219073,1.0,18.0,1,1,86400,98.79166666666667,443,18.458333333333332,2372,18.0,1,1,1.0,18.0
302,E3,known synthetic attack,Phase A ML,True,0,2371,83970,59,0.0,0.0,0.0,0.02746088185219073,0.0,,0,1,86400,98.79166666666667,443,18.458333333333332,2371,,0,1,0.0,
302,E3,known synthetic attack,Phase A.2 hybrid,True,1,863,85478,58,0.0011574074074074073,0.01694915254237288,0.0021668472372697724,0.009995251386942473,1.0,18.0,1,1,86400,35.958333333333336,176,7.333333333333333,864,18.0,1,1,1.0,18.0
302,E3,known synthetic attack,Rules only,True,1,0,86341,58,1.0,0.01694915254237288,0.03333333333333333,0.0,1.0,18.0,1,1,86400,0.0,0,0.0,1,18.0,1,1,1.0,18.0
302,E3,known synthetic attack,ML only,True,0,863,85478,59,0.0,0.0,0.0,0.009995251386942473,0.0,,0,1,86400,35.958333333333336,176,7.333333333333333,863,,0,1,0.0,
302,E3,known synthetic attack,Network only,True,0,0,86341,59,,0.0,0.0,0.0,0.0,,0,1,86400,0.0,0,0.0,0,,0,1,0.0,
302,E3,known synthetic attack,Without ML,True,1,0,86341,58,1.0,0.01694915254237288,0.03333333333333333,0.0,1.0,18.0,1,1,86400,0.0,0,0.0,1,18.0,1,1,1.0,18.0
302,E3,known synthetic attack,Without network,True,1,863,85478,58,0.0011574074074074073,0.01694915254237288,0.0021668472372697724,0.009995251386942473,1.0,18.0,1,1,86400,35.958333333333336,176,7.333333333333333,864,18.0,1,1,1.0,18.0
302,E3,known synthetic attack,Without rules,True,0,863,85478,59,0.0,0.0,0.0,0.009995251386942473,0.0,,0,1,86400,35.958333333333336,176,7.333333333333333,863,,0,1,0.0,
302,E3,known synthetic attack,Phase A ML + rolling R2,True,1,2371,83970,58,0.00042158516020236085,0.01694915254237288,0.0008227067050596463,0.02746088185219073,1.0,18.0,1,1,86400,98.79166666666667,443,18.458333333333332,2372,18.0,1,1,1.0,18.0
302,E3,known synthetic attack,Phase A ML + authorized network,True,1,2371,83970,58,0.00042158516020236085,0.01694915254237288,0.0008227067050596463,0.02746088185219073,1.0,18.0,1,1,86400,98.79166666666667,443,18.458333333333332,2372,18.0,1,1,1.0,18.0
302,E3,known synthetic attack,Phase A.2 ML + legacy rules/network,True,1,863,85478,58,0.0011574074074074073,0.01694915254237288,0.0021668472372697724,0.009995251386942473,1.0,18.0,1,1,86400,35.958333333333336,176,7.333333333333333,864,18.0,1,1,1.0,18.0
302,E3,known synthetic attack,Historical original hybrid,True,4,4437,81904,55,0.0009006980409817609,0.06779661016949153,0.0017777777777777779,0.05138925886890353,1.0,18.0,1,1,86400,184.875,634,26.416666666666668,4441,18.0,1,1,1.0,18.0
302,E4,known synthetic attack,Phase A hybrid,True,120,2371,83909,0,0.04817342432757928,1.0,0.09191880505553428,0.027480296708391284,1.0,0.0,1,1,86400,98.79166666666667,443,18.458333333333332,2491,0.0,1,1,1.0,0.0
302,E4,known synthetic attack,Phase A ML,True,0,2371,83909,120,0.0,0.0,0.0,0.027480296708391284,0.0,,0,1,86400,98.79166666666667,443,18.458333333333332,2371,,0,1,0.0,
302,E4,known synthetic attack,Phase A.2 hybrid,True,120,863,85417,0,0.12207527975584945,1.0,0.21758839528558477,0.010002318034306908,1.0,0.0,1,1,86400,35.958333333333336,176,7.333333333333333,983,0.0,1,1,1.0,0.0
302,E4,known synthetic attack,Rules only,True,0,0,86280,120,,0.0,0.0,0.0,0.0,,0,1,86400,0.0,0,0.0,0,,0,1,0.0,
302,E4,known synthetic attack,ML only,True,0,863,85417,120,0.0,0.0,0.0,0.010002318034306908,0.0,,0,1,86400,35.958333333333336,176,7.333333333333333,863,,0,1,0.0,
302,E4,known synthetic attack,Network only,True,120,0,86280,0,1.0,1.0,1.0,0.0,1.0,0.0,1,1,86400,0.0,0,0.0,120,0.0,1,1,1.0,0.0
302,E4,known synthetic attack,Without ML,True,120,0,86280,0,1.0,1.0,1.0,0.0,1.0,0.0,1,1,86400,0.0,0,0.0,120,0.0,1,1,1.0,0.0
302,E4,known synthetic attack,Without network,True,0,863,85417,120,0.0,0.0,0.0,0.010002318034306908,0.0,,0,1,86400,35.958333333333336,176,7.333333333333333,863,,0,1,0.0,
302,E4,known synthetic attack,Without rules,True,120,863,85417,0,0.12207527975584945,1.0,0.21758839528558477,0.010002318034306908,1.0,0.0,1,1,86400,35.958333333333336,176,7.333333333333333,983,0.0,1,1,1.0,0.0
302,E4,known synthetic attack,Phase A ML + rolling R2,True,120,2371,83909,0,0.04817342432757928,1.0,0.09191880505553428,0.027480296708391284,1.0,0.0,1,1,86400,98.79166666666667,443,18.458333333333332,2491,0.0,1,1,1.0,0.0
302,E4,known synthetic attack,Phase A ML + authorized network,True,120,2371,83909,0,0.04817342432757928,1.0,0.09191880505553428,0.027480296708391284,1.0,0.0,1,1,86400,98.79166666666667,443,18.458333333333332,2491,0.0,1,1,1.0,0.0
302,E4,known synthetic attack,Phase A.2 ML + legacy rules/network,True,120,863,85417,0,0.12207527975584945,1.0,0.21758839528558477,0.010002318034306908,1.0,0.0,1,1,86400,35.958333333333336,176,7.333333333333333,983,0.0,1,1,1.0,0.0
302,E4,known synthetic attack,Historical original hybrid,True,120,4437,81843,0,0.026333113890717578,1.0,0.05131494547787043,0.05142559109874826,1.0,0.0,1,1,86400,184.875,634,26.416666666666668,4560,0.0,1,1,1.0,0.0
302,E5,known synthetic attack,Phase A hybrid,True,181,2371,83848,0,0.07092476489028213,1.0,0.13245517746066593,0.027499739036639256,1.0,0.0,1,1,86400,98.79166666666667,443,18.458333333333332,2557,0.0,1,1,1.0,0.0
302,E5,known synthetic attack,Phase A ML,True,5,2371,83848,176,0.0021043771043771043,0.027624309392265192,0.003910833007430583,0.027499739036639256,1.0,10.0,1,1,86400,98.79166666666667,443,18.458333333333332,2376,10.0,1,1,1.0,10.0
302,E5,known synthetic attack,Phase A.2 hybrid,True,181,863,85356,0,0.17337164750957854,1.0,0.29551020408163264,0.010009394680986789,1.0,0.0,1,1,86400,35.958333333333336,176,7.333333333333333,1045,0.0,1,1,1.0,0.0
302,E5,known synthetic attack,Rules only,True,181,0,86219,0,1.0,1.0,1.0,0.0,1.0,0.0,1,1,86400,0.0,0,0.0,181,0.0,1,1,1.0,0.0
302,E5,known synthetic attack,ML only,True,1,863,85356,180,0.0011574074074074073,0.0055248618784530384,0.0019138755980861245,0.010009394680986789,1.0,30.0,1,1,86400,35.958333333333336,176,7.333333333333333,864,30.0,1,1,1.0,30.0
302,E5,known synthetic attack,Network only,True,0,0,86219,181,,0.0,0.0,0.0,0.0,,0,1,86400,0.0,0,0.0,0,,0,1,0.0,
302,E5,known synthetic attack,Without ML,True,181,0,86219,0,1.0,1.0,1.0,0.0,1.0,0.0,1,1,86400,0.0,0,0.0,181,0.0,1,1,1.0,0.0
302,E5,known synthetic attack,Without network,True,181,863,85356,0,0.17337164750957854,1.0,0.29551020408163264,0.010009394680986789,1.0,0.0,1,1,86400,35.958333333333336,176,7.333333333333333,1045,0.0,1,1,1.0,0.0
302,E5,known synthetic attack,Without rules,True,1,863,85356,180,0.0011574074074074073,0.0055248618784530384,0.0019138755980861245,0.010009394680986789,1.0,30.0,1,1,86400,35.958333333333336,176,7.333333333333333,864,30.0,1,1,1.0,30.0
302,E5,known synthetic attack,Phase A ML + rolling R2,True,181,2371,83848,0,0.07092476489028213,1.0,0.13245517746066593,0.027499739036639256,1.0,0.0,1,1,86400,98.79166666666667,443,18.458333333333332,2557,0.0,1,1,1.0,0.0
302,E5,known synthetic attack,Phase A ML + authorized network,True,181,2371,83848,0,0.07092476489028213,1.0,0.13245517746066593,0.027499739036639256,1.0,0.0,1,1,86400,98.79166666666667,443,18.458333333333332,2557,0.0,1,1,1.0,0.0
302,E5,known synthetic attack,Phase A.2 ML + legacy rules/network,True,181,863,85356,0,0.17337164750957854,1.0,0.29551020408163264,0.010009394680986789,1.0,0.0,1,1,86400,35.958333333333336,176,7.333333333333333,1045,0.0,1,1,1.0,0.0
302,E5,known synthetic attack,Historical original hybrid,True,181,4437,81782,0,0.03919445647466436,1.0,0.07543238174619712,0.05146197473874668,1.0,0.0,1,1,86400,184.875,634,26.416666666666668,4636,0.0,1,1,1.0,0.0
302,E6,known synthetic attack,Phase A hybrid,True,181,2371,83848,0,0.07092476489028213,1.0,0.13245517746066593,0.027499739036639256,1.0,0.0,1,1,86400,98.79166666666667,443,18.458333333333332,2678,0.0,3,3,1.0,0.0
302,E6,known synthetic attack,Phase A ML,True,5,2371,83848,176,0.0021043771043771043,0.027624309392265192,0.003910833007430583,0.027499739036639256,1.0,10.0,1,1,86400,98.79166666666667,443,18.458333333333332,2376,10.0,1,3,0.3333333333333333,10.0
302,E6,known synthetic attack,Phase A.2 hybrid,True,181,863,85356,0,0.17337164750957854,1.0,0.29551020408163264,0.010009394680986789,1.0,0.0,1,1,86400,35.958333333333336,176,7.333333333333333,1166,0.0,3,3,1.0,0.0
302,E6,known synthetic attack,Rules only,True,181,0,86219,0,1.0,1.0,1.0,0.0,1.0,0.0,1,1,86400,0.0,0,0.0,182,0.0,2,3,0.6666666666666666,0.0
302,E6,known synthetic attack,ML only,True,1,863,85356,180,0.0011574074074074073,0.0055248618784530384,0.0019138755980861245,0.010009394680986789,1.0,30.0,1,1,86400,35.958333333333336,176,7.333333333333333,864,30.0,1,3,0.3333333333333333,30.0
302,E6,known synthetic attack,Network only,True,120,0,86219,61,1.0,0.6629834254143646,0.7973421926910299,0.0,1.0,0.0,1,1,86400,0.0,0,0.0,120,0.0,1,3,0.3333333333333333,0.0
302,E6,known synthetic attack,Without ML,True,181,0,86219,0,1.0,1.0,1.0,0.0,1.0,0.0,1,1,86400,0.0,0,0.0,302,0.0,3,3,1.0,0.0
302,E6,known synthetic attack,Without network,True,181,863,85356,0,0.17337164750957854,1.0,0.29551020408163264,0.010009394680986789,1.0,0.0,1,1,86400,35.958333333333336,176,7.333333333333333,1046,0.0,2,3,0.6666666666666666,0.0
302,E6,known synthetic attack,Without rules,True,120,863,85356,61,0.12207527975584945,0.6629834254143646,0.20618556701030927,0.010009394680986789,1.0,0.0,1,1,86400,35.958333333333336,176,7.333333333333333,984,0.0,2,3,0.6666666666666666,15.0
302,E6,known synthetic attack,Phase A ML + rolling R2,True,181,2371,83848,0,0.07092476489028213,1.0,0.13245517746066593,0.027499739036639256,1.0,0.0,1,1,86400,98.79166666666667,443,18.458333333333332,2678,0.0,3,3,1.0,0.0
302,E6,known synthetic attack,Phase A ML + authorized network,True,181,2371,83848,0,0.07092476489028213,1.0,0.13245517746066593,0.027499739036639256,1.0,0.0,1,1,86400,98.79166666666667,443,18.458333333333332,2678,0.0,3,3,1.0,0.0
302,E6,known synthetic attack,Phase A.2 ML + legacy rules/network,True,181,863,85356,0,0.17337164750957854,1.0,0.29551020408163264,0.010009394680986789,1.0,0.0,1,1,86400,35.958333333333336,176,7.333333333333333,1166,0.0,3,3,1.0,0.0
302,E6,known synthetic attack,Historical original hybrid,True,181,4437,81782,0,0.03919445647466436,1.0,0.07543238174619712,0.05146197473874668,1.0,0.0,1,1,86400,184.875,634,26.416666666666668,4757,0.0,3,3,1.0,0.0
302,E7,known synthetic attack,Phase A hybrid,True,117,2376,83907,0,0.04693140794223827,1.0,0.0896551724137931,0.027537290080317096,1.0,0.0,2,2,86400,99.0,447,18.625,2608,0.0,6,6,1.0,1.6666666666666667
302,E7,known synthetic attack,Phase A ML,True,51,2376,83907,66,0.021013597033374538,0.4358974358974359,0.04009433962264151,0.027537290080317096,0.5,65.0,1,2,86400,99.0,447,18.625,2427,65.0,1,6,0.16666666666666666,10.0
302,E7,known synthetic attack,Phase A.2 hybrid,True,117,863,85420,0,0.11938775510204082,1.0,0.21330902461257975,0.010001970260653895,1.0,0.0,2,2,86400,35.958333333333336,176,7.333333333333333,1072,0.0,6,6,1.0,1.6666666666666667
302,E7,known synthetic attack,Rules only,True,63,0,86283,54,1.0,0.5384615384615384,0.7,0.0,1.0,20.5,2,2,86400,0.0,0,0.0,63,20.5,3,6,0.5,3.3333333333333335
302,E7,known synthetic attack,ML only,True,28,863,85420,89,0.031425364758698095,0.23931623931623933,0.05555555555555555,0.010001970260653895,0.5,77.0,1,2,86400,35.958333333333336,176,7.333333333333333,891,77.0,1,6,0.16666666666666666,22.0
302,E7,known synthetic attack,Network only,True,116,0,86283,1,1.0,0.9914529914529915,0.9957081545064378,0.0,0.5,0.0,1,2,86400,0.0,0,0.0,116,0.0,1,6,0.16666666666666666,0.0
302,E7,known synthetic attack,Without ML,True,117,0,86283,0,1.0,1.0,1.0,0.0,1.0,0.0,2,2,86400,0.0,0,0.0,181,0.0,6,6,1.0,1.6666666666666667
302,E7,known synthetic attack,Without network,True,63,863,85420,54,0.06803455723542116,0.5384615384615384,0.12080536912751678,0.010001970260653895,1.0,20.5,2,2,86400,35.958333333333336,176,7.333333333333333,956,20.5,5,6,0.8333333333333334,2.0
302,E7,known synthetic attack,Without rules,True,116,863,85420,1,0.118488253319714,0.9914529914529915,0.2116788321167883,0.010001970260653895,0.5,0.0,1,2,86400,35.958333333333336,176,7.333333333333333,1009,0.0,4,6,0.6666666666666666,5.5
302,E7,known synthetic attack,Phase A ML + rolling R2,True,117,2376,83907,0,0.04693140794223827,1.0,0.0896551724137931,0.027537290080317096,1.0,0.0,2,2,86400,99.0,447,18.625,2608,0.0,6,6,1.0,1.6666666666666667
302,E7,known synthetic attack,Phase A ML + authorized network,True,117,2376,83907,0,0.04693140794223827,1.0,0.0896551724137931,0.027537290080317096,1.0,0.0,2,2,86400,99.0,447,18.625,2608,0.0,6,6,1.0,1.6666666666666667
302,E7,known synthetic attack,Phase A.2 ML + legacy rules/network,True,117,863,85420,0,0.11938775510204082,1.0,0.21330902461257975,0.010001970260653895,1.0,0.0,2,2,86400,35.958333333333336,176,7.333333333333333,1072,0.0,6,6,1.0,1.6666666666666667
302,E7,known synthetic attack,Historical original hybrid,True,117,4446,81837,0,0.02564102564102564,1.0,0.05,0.05152811098362366,1.0,0.0,2,2,86400,185.25,637,26.541666666666668,4666,0.0,6,6,1.0,1.6666666666666667
302,benign_command_burst,nominal,Phase A hybrid,True,0,2372,84028,0,0.0,,0.0,0.027453703703703702,,,0,0,86400,98.83333333333333,444,18.5,2372,,0,0,,
302,benign_command_burst,nominal,Phase A ML,True,0,2371,84029,0,0.0,,0.0,0.02744212962962963,,,0,0,86400,98.79166666666667,443,18.458333333333332,2371,,0,0,,
302,benign_command_burst,nominal,Phase A.2 hybrid,True,0,864,85536,0,0.0,,0.0,0.01,,,0,0,86400,36.0,177,7.375,864,,0,0,,
302,benign_command_burst,nominal,Rules only,True,0,1,86399,0,0.0,,0.0,1.1574074074074073e-05,,,0,0,86400,0.041666666666666664,1,0.041666666666666664,1,,0,0,,
302,benign_command_burst,nominal,ML only,True,0,863,85537,0,0.0,,0.0,0.009988425925925927,,,0,0,86400,35.958333333333336,176,7.333333333333333,863,,0,0,,
302,benign_command_burst,nominal,Network only,True,0,0,86400,0,,,,0.0,,,0,0,86400,0.0,0,0.0,0,,0,0,,
302,benign_command_burst,nominal,Without ML,True,0,1,86399,0,0.0,,0.0,1.1574074074074073e-05,,,0,0,86400,0.041666666666666664,1,0.041666666666666664,1,,0,0,,
302,benign_command_burst,nominal,Without network,True,0,864,85536,0,0.0,,0.0,0.01,,,0,0,86400,36.0,177,7.375,864,,0,0,,
302,benign_command_burst,nominal,Without rules,True,0,863,85537,0,0.0,,0.0,0.009988425925925927,,,0,0,86400,35.958333333333336,176,7.333333333333333,863,,0,0,,
302,benign_command_burst,nominal,Phase A ML + rolling R2,True,0,2372,84028,0,0.0,,0.0,0.027453703703703702,,,0,0,86400,98.83333333333333,444,18.5,2372,,0,0,,
302,benign_command_burst,nominal,Phase A ML + authorized network,True,0,2372,84028,0,0.0,,0.0,0.027453703703703702,,,0,0,86400,98.83333333333333,444,18.5,2372,,0,0,,
302,benign_command_burst,nominal,Phase A.2 ML + legacy rules/network,True,0,864,85536,0,0.0,,0.0,0.01,,,0,0,86400,36.0,177,7.375,864,,0,0,,
302,benign_command_burst,nominal,Historical original hybrid,True,0,4441,81959,0,0.0,,0.0,0.05140046296296296,,,0,0,86400,185.04166666666666,637,26.541666666666668,4441,,0,0,,
302,benign_authorized_peer,nominal,Phase A hybrid,True,0,2461,83939,0,0.0,,0.0,0.028483796296296295,,,0,0,86400,102.54166666666667,444,18.5,2461,,0,0,,
302,benign_authorized_peer,nominal,Phase A ML,True,0,2371,84029,0,0.0,,0.0,0.02744212962962963,,,0,0,86400,98.79166666666667,443,18.458333333333332,2371,,0,0,,
302,benign_authorized_peer,nominal,Phase A.2 hybrid,True,0,863,85537,0,0.0,,0.0,0.009988425925925927,,,0,0,86400,35.958333333333336,176,7.333333333333333,863,,0,0,,
302,benign_authorized_peer,nominal,Rules only,True,0,0,86400,0,,,,0.0,,,0,0,86400,0.0,0,0.0,0,,0,0,,
302,benign_authorized_peer,nominal,ML only,True,0,863,85537,0,0.0,,0.0,0.009988425925925927,,,0,0,86400,35.958333333333336,176,7.333333333333333,863,,0,0,,
302,benign_authorized_peer,nominal,Network only,True,0,0,86400,0,,,,0.0,,,0,0,86400,0.0,0,0.0,0,,0,0,,
302,benign_authorized_peer,nominal,Without ML,True,0,0,86400,0,,,,0.0,,,0,0,86400,0.0,0,0.0,0,,0,0,,
302,benign_authorized_peer,nominal,Without network,True,0,863,85537,0,0.0,,0.0,0.009988425925925927,,,0,0,86400,35.958333333333336,176,7.333333333333333,863,,0,0,,
302,benign_authorized_peer,nominal,Without rules,True,0,863,85537,0,0.0,,0.0,0.009988425925925927,,,0,0,86400,35.958333333333336,176,7.333333333333333,863,,0,0,,
302,benign_authorized_peer,nominal,Phase A ML + rolling R2,True,0,2461,83939,0,0.0,,0.0,0.028483796296296295,,,0,0,86400,102.54166666666667,444,18.5,2461,,0,0,,
302,benign_authorized_peer,nominal,Phase A ML + authorized network,True,0,2371,84029,0,0.0,,0.0,0.02744212962962963,,,0,0,86400,98.79166666666667,443,18.458333333333332,2371,,0,0,,
302,benign_authorized_peer,nominal,Phase A.2 ML + legacy rules/network,True,0,953,85447,0,0.0,,0.0,0.011030092592592593,,,0,0,86400,39.708333333333336,177,7.375,953,,0,0,,
302,benign_authorized_peer,nominal,Historical original hybrid,True,0,4530,81870,0,0.0,,0.0,0.05243055555555556,,,0,0,86400,188.75,637,26.541666666666668,4530,,0,0,,
302,benign_load,nominal,Phase A hybrid,True,0,2371,84029,0,0.0,,0.0,0.02744212962962963,,,0,0,86400,98.79166666666667,443,18.458333333333332,2371,,0,0,,
302,benign_load,nominal,Phase A ML,True,0,2371,84029,0,0.0,,0.0,0.02744212962962963,,,0,0,86400,98.79166666666667,443,18.458333333333332,2371,,0,0,,
302,benign_load,nominal,Phase A.2 hybrid,True,0,863,85537,0,0.0,,0.0,0.009988425925925927,,,0,0,86400,35.958333333333336,176,7.333333333333333,863,,0,0,,
302,benign_load,nominal,Rules only,True,0,0,86400,0,,,,0.0,,,0,0,86400,0.0,0,0.0,0,,0,0,,
302,benign_load,nominal,ML only,True,0,863,85537,0,0.0,,0.0,0.009988425925925927,,,0,0,86400,35.958333333333336,176,7.333333333333333,863,,0,0,,
302,benign_load,nominal,Network only,True,0,0,86400,0,,,,0.0,,,0,0,86400,0.0,0,0.0,0,,0,0,,
302,benign_load,nominal,Without ML,True,0,0,86400,0,,,,0.0,,,0,0,86400,0.0,0,0.0,0,,0,0,,
302,benign_load,nominal,Without network,True,0,863,85537,0,0.0,,0.0,0.009988425925925927,,,0,0,86400,35.958333333333336,176,7.333333333333333,863,,0,0,,
302,benign_load,nominal,Without rules,True,0,863,85537,0,0.0,,0.0,0.009988425925925927,,,0,0,86400,35.958333333333336,176,7.333333333333333,863,,0,0,,
302,benign_load,nominal,Phase A ML + rolling R2,True,0,2371,84029,0,0.0,,0.0,0.02744212962962963,,,0,0,86400,98.79166666666667,443,18.458333333333332,2371,,0,0,,
302,benign_load,nominal,Phase A ML + authorized network,True,0,2371,84029,0,0.0,,0.0,0.02744212962962963,,,0,0,86400,98.79166666666667,443,18.458333333333332,2371,,0,0,,
302,benign_load,nominal,Phase A.2 ML + legacy rules/network,True,0,863,85537,0,0.0,,0.0,0.009988425925925927,,,0,0,86400,35.958333333333336,176,7.333333333333333,863,,0,0,,
302,benign_load,nominal,Historical original hybrid,True,0,4440,81960,0,0.0,,0.0,0.05138888888888889,,,0,0,86400,185.0,636,26.5,4440,,0,0,,
302,benign_telemetry,nominal,Phase A hybrid,True,0,7826,78574,0,0.0,,0.0,0.0905787037037037,,,0,0,86400,326.0833333333333,411,17.125,7826,,0,0,,
302,benign_telemetry,nominal,Phase A ML,True,0,7826,78574,0,0.0,,0.0,0.0905787037037037,,,0,0,86400,326.0833333333333,411,17.125,7826,,0,0,,
302,benign_telemetry,nominal,Phase A.2 hybrid,True,0,1989,84411,0,0.0,,0.0,0.023020833333333334,,,0,0,86400,82.875,315,13.125,1989,,0,0,,
302,benign_telemetry,nominal,Rules only,True,0,0,86400,0,,,,0.0,,,0,0,86400,0.0,0,0.0,0,,0,0,,
302,benign_telemetry,nominal,ML only,True,0,1989,84411,0,0.0,,0.0,0.023020833333333334,,,0,0,86400,82.875,315,13.125,1989,,0,0,,
302,benign_telemetry,nominal,Network only,True,0,0,86400,0,,,,0.0,,,0,0,86400,0.0,0,0.0,0,,0,0,,
302,benign_telemetry,nominal,Without ML,True,0,0,86400,0,,,,0.0,,,0,0,86400,0.0,0,0.0,0,,0,0,,
302,benign_telemetry,nominal,Without network,True,0,1989,84411,0,0.0,,0.0,0.023020833333333334,,,0,0,86400,82.875,315,13.125,1989,,0,0,,
302,benign_telemetry,nominal,Without rules,True,0,1989,84411,0,0.0,,0.0,0.023020833333333334,,,0,0,86400,82.875,315,13.125,1989,,0,0,,
302,benign_telemetry,nominal,Phase A ML + rolling R2,True,0,7826,78574,0,0.0,,0.0,0.0905787037037037,,,0,0,86400,326.0833333333333,411,17.125,7826,,0,0,,
302,benign_telemetry,nominal,Phase A ML + authorized network,True,0,7826,78574,0,0.0,,0.0,0.0905787037037037,,,0,0,86400,326.0833333333333,411,17.125,7826,,0,0,,
302,benign_telemetry,nominal,Phase A.2 ML + legacy rules/network,True,0,1989,84411,0,0.0,,0.0,0.023020833333333334,,,0,0,86400,82.875,315,13.125,1989,,0,0,,
302,benign_telemetry,nominal,Historical original hybrid,True,0,8388,78012,0,0.0,,0.0,0.09708333333333333,,,0,0,86400,349.5,418,17.416666666666668,8388,,0,0,,
302,attack_primary_unauthorized,known synthetic attack,Phase A hybrid,True,1,2371,84028,0,0.00042158516020236085,1.0,0.0008428150021070375,0.02744244725054688,1.0,0.0,1,1,86400,98.79166666666667,443,18.458333333333332,2372,0.0,1,1,1.0,0.0
302,attack_primary_unauthorized,known synthetic attack,Phase A ML,True,0,2371,84028,1,0.0,0.0,0.0,0.02744244725054688,0.0,,0,1,86400,98.79166666666667,443,18.458333333333332,2371,,0,1,0.0,
302,attack_primary_unauthorized,known synthetic attack,Phase A.2 hybrid,True,1,863,85536,0,0.0011574074074074073,1.0,0.0023121387283236996,0.009988541534045534,1.0,0.0,1,1,86400,35.958333333333336,176,7.333333333333333,864,0.0,1,1,1.0,0.0
302,attack_primary_unauthorized,known synthetic attack,Rules only,True,1,0,86399,0,1.0,1.0,1.0,0.0,1.0,0.0,1,1,86400,0.0,0,0.0,1,0.0,1,1,1.0,0.0
302,attack_primary_unauthorized,known synthetic attack,ML only,True,0,863,85536,1,0.0,0.0,0.0,0.009988541534045534,0.0,,0,1,86400,35.958333333333336,176,7.333333333333333,863,,0,1,0.0,
302,attack_primary_unauthorized,known synthetic attack,Network only,True,0,0,86399,1,,0.0,0.0,0.0,0.0,,0,1,86400,0.0,0,0.0,0,,0,1,0.0,
302,attack_primary_unauthorized,known synthetic attack,Without ML,True,1,0,86399,0,1.0,1.0,1.0,0.0,1.0,0.0,1,1,86400,0.0,0,0.0,1,0.0,1,1,1.0,0.0
302,attack_primary_unauthorized,known synthetic attack,Without network,True,1,863,85536,0,0.0011574074074074073,1.0,0.0023121387283236996,0.009988541534045534,1.0,0.0,1,1,86400,35.958333333333336,176,7.333333333333333,864,0.0,1,1,1.0,0.0
302,attack_primary_unauthorized,known synthetic attack,Without rules,True,0,863,85536,1,0.0,0.0,0.0,0.009988541534045534,0.0,,0,1,86400,35.958333333333336,176,7.333333333333333,863,,0,1,0.0,
302,attack_primary_unauthorized,known synthetic attack,Phase A ML + rolling R2,True,1,2371,84028,0,0.00042158516020236085,1.0,0.0008428150021070375,0.02744244725054688,1.0,0.0,1,1,86400,98.79166666666667,443,18.458333333333332,2372,0.0,1,1,1.0,0.0
302,attack_primary_unauthorized,known synthetic attack,Phase A ML + authorized network,True,1,2371,84028,0,0.00042158516020236085,1.0,0.0008428150021070375,0.02744244725054688,1.0,0.0,1,1,86400,98.79166666666667,443,18.458333333333332,2372,0.0,1,1,1.0,0.0
302,attack_primary_unauthorized,known synthetic attack,Phase A.2 ML + legacy rules/network,True,1,863,85536,0,0.0011574074074074073,1.0,0.0023121387283236996,0.009988541534045534,1.0,0.0,1,1,86400,35.958333333333336,176,7.333333333333333,864,0.0,1,1,1.0,0.0
302,attack_primary_unauthorized,known synthetic attack,Historical original hybrid,True,0,4440,81959,1,0.0,0.0,0.0,0.051389483674579566,0.0,,0,1,86400,185.0,636,26.5,4440,,0,1,0.0,
302,attack_boundary_flood,known synthetic attack,Phase A hybrid,True,0,2371,84017,12,0.0,0.0,0.0,0.027445941565958237,0.0,,0,1,86400,98.79166666666667,443,18.458333333333332,2371,,0,1,0.0,
302,attack_boundary_flood,known synthetic attack,Phase A ML,True,0,2371,84017,12,0.0,0.0,0.0,0.027445941565958237,0.0,,0,1,86400,98.79166666666667,443,18.458333333333332,2371,,0,1,0.0,
302,attack_boundary_flood,known synthetic attack,Phase A.2 hybrid,True,1,863,85525,11,0.0011574074074074073,0.08333333333333333,0.00228310502283105,0.00998981340000926,1.0,10.0,1,1,86400,35.958333333333336,176,7.333333333333333,864,10.0,1,1,1.0,10.0
302,attack_boundary_flood,known synthetic attack,Rules only,True,1,0,86388,11,1.0,0.08333333333333333,0.15384615384615385,0.0,1.0,10.0,1,1,86400,0.0,0,0.0,1,10.0,1,1,1.0,10.0
302,attack_boundary_flood,known synthetic attack,ML only,True,0,863,85525,12,0.0,0.0,0.0,0.00998981340000926,0.0,,0,1,86400,35.958333333333336,176,7.333333333333333,863,,0,1,0.0,
302,attack_boundary_flood,known synthetic attack,Network only,True,0,0,86388,12,,0.0,0.0,0.0,0.0,,0,1,86400,0.0,0,0.0,0,,0,1,0.0,
302,attack_boundary_flood,known synthetic attack,Without ML,True,1,0,86388,11,1.0,0.08333333333333333,0.15384615384615385,0.0,1.0,10.0,1,1,86400,0.0,0,0.0,1,10.0,1,1,1.0,10.0
302,attack_boundary_flood,known synthetic attack,Without network,True,1,863,85525,11,0.0011574074074074073,0.08333333333333333,0.00228310502283105,0.00998981340000926,1.0,10.0,1,1,86400,35.958333333333336,176,7.333333333333333,864,10.0,1,1,1.0,10.0
302,attack_boundary_flood,known synthetic attack,Without rules,True,0,863,85525,12,0.0,0.0,0.0,0.00998981340000926,0.0,,0,1,86400,35.958333333333336,176,7.333333333333333,863,,0,1,0.0,
302,attack_boundary_flood,known synthetic attack,Phase A ML + rolling R2,True,1,2371,84017,11,0.00042158516020236085,0.08333333333333333,0.0008389261744966443,0.027445941565958237,1.0,10.0,1,1,86400,98.79166666666667,443,18.458333333333332,2372,10.0,1,1,1.0,10.0
302,attack_boundary_flood,known synthetic attack,Phase A ML + authorized network,True,0,2371,84017,12,0.0,0.0,0.0,0.027445941565958237,0.0,,0,1,86400,98.79166666666667,443,18.458333333333332,2371,,0,1,0.0,
302,attack_boundary_flood,known synthetic attack,Phase A.2 ML + legacy rules/network,True,0,863,85525,12,0.0,0.0,0.0,0.00998981340000926,0.0,,0,1,86400,35.958333333333336,176,7.333333333333333,863,,0,1,0.0,
302,attack_boundary_flood,known synthetic attack,Historical original hybrid,True,0,4440,81948,12,0.0,0.0,0.0,0.05139602722600361,0.0,,0,1,86400,185.0,636,26.5,4440,,0,1,0.0,
302,attack_low_network,known synthetic attack,Phase A hybrid,True,1,2371,83939,89,0.00042158516020236085,0.011111111111111112,0.0008123476848090983,0.027470744988993163,1.0,0.0,1,1,86400,98.79166666666667,443,18.458333333333332,2372,0.0,1,1,1.0,0.0
302,attack_low_network,known synthetic attack,Phase A ML,True,0,2371,83939,90,0.0,0.0,0.0,0.027470744988993163,0.0,,0,1,86400,98.79166666666667,443,18.458333333333332,2371,,0,1,0.0,
302,attack_low_network,known synthetic attack,Phase A.2 hybrid,True,1,863,85447,89,0.0011574074074074073,0.011111111111111112,0.0020964360587002098,0.0099988413857027,1.0,0.0,1,1,86400,35.958333333333336,176,7.333333333333333,864,0.0,1,1,1.0,0.0
302,attack_low_network,known synthetic attack,Rules only,True,0,0,86310,90,,0.0,0.0,0.0,0.0,,0,1,86400,0.0,0,0.0,0,,0,1,0.0,
302,attack_low_network,known synthetic attack,ML only,True,0,863,85447,90,0.0,0.0,0.0,0.0099988413857027,0.0,,0,1,86400,35.958333333333336,176,7.333333333333333,863,,0,1,0.0,
302,attack_low_network,known synthetic attack,Network only,True,1,0,86310,89,1.0,0.011111111111111112,0.02197802197802198,0.0,1.0,0.0,1,1,86400,0.0,0,0.0,1,0.0,1,1,1.0,0.0
302,attack_low_network,known synthetic attack,Without ML,True,1,0,86310,89,1.0,0.011111111111111112,0.02197802197802198,0.0,1.0,0.0,1,1,86400,0.0,0,0.0,1,0.0,1,1,1.0,0.0
302,attack_low_network,known synthetic attack,Without network,True,0,863,85447,90,0.0,0.0,0.0,0.0099988413857027,0.0,,0,1,86400,35.958333333333336,176,7.333333333333333,863,,0,1,0.0,
302,attack_low_network,known synthetic attack,Without rules,True,1,863,85447,89,0.0011574074074074073,0.011111111111111112,0.0020964360587002098,0.0099988413857027,1.0,0.0,1,1,86400,35.958333333333336,176,7.333333333333333,864,0.0,1,1,1.0,0.0
302,attack_low_network,known synthetic attack,Phase A ML + rolling R2,True,1,2371,83939,89,0.00042158516020236085,0.011111111111111112,0.0008123476848090983,0.027470744988993163,1.0,0.0,1,1,86400,98.79166666666667,443,18.458333333333332,2372,0.0,1,1,1.0,0.0
302,attack_low_network,known synthetic attack,Phase A ML + authorized network,True,1,2371,83939,89,0.00042158516020236085,0.011111111111111112,0.0008123476848090983,0.027470744988993163,1.0,0.0,1,1,86400,98.79166666666667,443,18.458333333333332,2372,0.0,1,1,1.0,0.0
302,attack_low_network,known synthetic attack,Phase A.2 ML + legacy rules/network,True,1,863,85447,89,0.0011574074074074073,0.011111111111111112,0.0020964360587002098,0.0099988413857027,1.0,0.0,1,1,86400,35.958333333333336,176,7.333333333333333,864,0.0,1,1,1.0,0.0
302,attack_low_network,known synthetic attack,Historical original hybrid,True,1,4440,81870,89,0.00022517451024544022,0.011111111111111112,0.0004414036636504083,0.05144247480013903,1.0,0.0,1,1,86400,185.0,636,26.5,4441,0.0,1,1,1.0,0.0
302,attack_short_thermal,known synthetic attack,Phase A hybrid,True,15,2371,84014,0,0.006286672254819782,1.0,0.012494793835901708,0.027446894715517742,1.0,0.0,1,1,86400,98.79166666666667,443,18.458333333333332,2387,0.0,1,1,1.0,0.0
302,attack_short_thermal,known synthetic attack,Phase A ML,True,1,2371,84014,14,0.00042158516020236085,0.06666666666666667,0.0008378718056137411,0.027446894715517742,1.0,12.0,1,1,86400,98.79166666666667,443,18.458333333333332,2372,12.0,1,1,1.0,12.0
302,attack_short_thermal,known synthetic attack,Phase A.2 hybrid,True,15,863,85522,0,0.017084282460136675,1.0,0.0335946248600224,0.00999016032876078,1.0,0.0,1,1,86400,35.958333333333336,176,7.333333333333333,879,0.0,1,1,1.0,0.0
302,attack_short_thermal,known synthetic attack,Rules only,True,15,0,86385,0,1.0,1.0,1.0,0.0,1.0,0.0,1,1,86400,0.0,0,0.0,15,0.0,1,1,1.0,0.0
302,attack_short_thermal,known synthetic attack,ML only,True,1,863,85522,14,0.0011574074074074073,0.06666666666666667,0.0022753128555176336,0.00999016032876078,1.0,12.0,1,1,86400,35.958333333333336,176,7.333333333333333,864,12.0,1,1,1.0,12.0
302,attack_short_thermal,known synthetic attack,Network only,True,0,0,86385,15,,0.0,0.0,0.0,0.0,,0,1,86400,0.0,0,0.0,0,,0,1,0.0,
302,attack_short_thermal,known synthetic attack,Without ML,True,15,0,86385,0,1.0,1.0,1.0,0.0,1.0,0.0,1,1,86400,0.0,0,0.0,15,0.0,1,1,1.0,0.0
302,attack_short_thermal,known synthetic attack,Without network,True,15,863,85522,0,0.017084282460136675,1.0,0.0335946248600224,0.00999016032876078,1.0,0.0,1,1,86400,35.958333333333336,176,7.333333333333333,879,0.0,1,1,1.0,0.0
302,attack_short_thermal,known synthetic attack,Without rules,True,1,863,85522,14,0.0011574074074074073,0.06666666666666667,0.0022753128555176336,0.00999016032876078,1.0,12.0,1,1,86400,35.958333333333336,176,7.333333333333333,864,12.0,1,1,1.0,12.0
302,attack_short_thermal,known synthetic attack,Phase A ML + rolling R2,True,15,2371,84014,0,0.006286672254819782,1.0,0.012494793835901708,0.027446894715517742,1.0,0.0,1,1,86400,98.79166666666667,443,18.458333333333332,2387,0.0,1,1,1.0,0.0
302,attack_short_thermal,known synthetic attack,Phase A ML + authorized network,True,15,2371,84014,0,0.006286672254819782,1.0,0.012494793835901708,0.027446894715517742,1.0,0.0,1,1,86400,98.79166666666667,443,18.458333333333332,2387,0.0,1,1,1.0,0.0
302,attack_short_thermal,known synthetic attack,Phase A.2 ML + legacy rules/network,True,15,863,85522,0,0.017084282460136675,1.0,0.0335946248600224,0.00999016032876078,1.0,0.0,1,1,86400,35.958333333333336,176,7.333333333333333,879,0.0,1,1,1.0,0.0
302,attack_short_thermal,known synthetic attack,Historical original hybrid,True,15,4442,81943,0,0.003365492483733453,1.0,0.006708407871198569,0.051420964287781444,1.0,0.0,1,1,86400,185.08333333333334,637,26.541666666666668,4465,0.0,1,1,1.0,0.0
302,attack_reordered,known synthetic attack,Phase A hybrid,True,105,2371,83924,0,0.04240710823909531,1.0,0.08136381247578459,0.02747552001854105,1.0,0.0,2,2,86400,98.79166666666667,443,18.458333333333332,2478,0.0,3,3,1.0,0.0
302,attack_reordered,known synthetic attack,Phase A ML,True,1,2371,83924,104,0.00042158516020236085,0.009523809523809525,0.0008074283407347598,0.02747552001854105,0.5,12.0,1,2,86400,98.79166666666667,443,18.458333333333332,2372,12.0,1,3,0.3333333333333333,12.0
302,attack_reordered,known synthetic attack,Phase A.2 hybrid,True,105,863,85432,0,0.10847107438016529,1.0,0.195712954333644,0.010000579407845182,1.0,0.0,2,2,86400,35.958333333333336,176,7.333333333333333,970,0.0,3,3,1.0,0.0
302,attack_reordered,known synthetic attack,Rules only,True,16,0,86295,89,1.0,0.1523809523809524,0.2644628099173554,0.0,1.0,15.0,2,2,86400,0.0,0,0.0,16,15.0,2,3,0.6666666666666666,0.0
302,attack_reordered,known synthetic attack,ML only,True,1,863,85432,104,0.0011574074074074073,0.009523809523809525,0.0020639834881320948,0.010000579407845182,0.5,12.0,1,2,86400,35.958333333333336,176,7.333333333333333,864,12.0,1,3,0.3333333333333333,12.0
302,attack_reordered,known synthetic attack,Network only,True,90,0,86295,15,1.0,0.8571428571428571,0.9230769230769231,0.0,0.5,0.0,1,2,86400,0.0,0,0.0,90,0.0,1,3,0.3333333333333333,0.0
302,attack_reordered,known synthetic attack,Without ML,True,105,0,86295,0,1.0,1.0,1.0,0.0,1.0,0.0,2,2,86400,0.0,0,0.0,106,0.0,3,3,1.0,0.0
302,attack_reordered,known synthetic attack,Without network,True,16,863,85432,89,0.01820250284414107,0.1523809523809524,0.032520325203252036,0.010000579407845182,1.0,15.0,2,2,86400,35.958333333333336,176,7.333333333333333,880,15.0,2,3,0.6666666666666666,0.0
302,attack_reordered,known synthetic attack,Without rules,True,91,863,85432,14,0.09538784067085954,0.8666666666666667,0.17186024551463644,0.010000579407845182,1.0,6.0,2,2,86400,35.958333333333336,176,7.333333333333333,954,6.0,2,3,0.6666666666666666,6.0
302,attack_reordered,known synthetic attack,Phase A ML + rolling R2,True,105,2371,83924,0,0.04240710823909531,1.0,0.08136381247578459,0.02747552001854105,1.0,0.0,2,2,86400,98.79166666666667,443,18.458333333333332,2478,0.0,3,3,1.0,0.0
302,attack_reordered,known synthetic attack,Phase A ML + authorized network,True,105,2371,83924,0,0.04240710823909531,1.0,0.08136381247578459,0.02747552001854105,1.0,0.0,2,2,86400,98.79166666666667,443,18.458333333333332,2478,0.0,3,3,1.0,0.0
302,attack_reordered,known synthetic attack,Phase A.2 ML + legacy rules/network,True,105,863,85432,0,0.10847107438016529,1.0,0.195712954333644,0.010000579407845182,1.0,0.0,2,2,86400,35.958333333333336,176,7.333333333333333,970,0.0,3,3,1.0,0.0
302,attack_reordered,known synthetic attack,Historical original hybrid,True,105,4442,81853,0,0.023092148669452386,1.0,0.04514187446259673,0.05147459296598876,1.0,0.0,2,2,86400,185.08333333333334,637,26.541666666666668,4555,0.0,2,3,0.6666666666666666,0.0
303,E1,nominal,Phase A hybrid,True,0,2610,83790,0,0.0,,0.0,0.030208333333333334,,,0,0,86400,108.75,438,18.25,2610,,0,0,,
303,E1,nominal,Phase A ML,True,0,2610,83790,0,0.0,,0.0,0.030208333333333334,,,0,0,86400,108.75,438,18.25,2610,,0,0,,
303,E1,nominal,Phase A.2 hybrid,True,0,961,85439,0,0.0,,0.0,0.011122685185185185,,,0,0,86400,40.041666666666664,190,7.916666666666667,961,,0,0,,
303,E1,nominal,Rules only,True,0,0,86400,0,,,,0.0,,,0,0,86400,0.0,0,0.0,0,,0,0,,
303,E1,nominal,ML only,True,0,961,85439,0,0.0,,0.0,0.011122685185185185,,,0,0,86400,40.041666666666664,190,7.916666666666667,961,,0,0,,
303,E1,nominal,Network only,True,0,0,86400,0,,,,0.0,,,0,0,86400,0.0,0,0.0,0,,0,0,,
303,E1,nominal,Without ML,True,0,0,86400,0,,,,0.0,,,0,0,86400,0.0,0,0.0,0,,0,0,,
303,E1,nominal,Without network,True,0,961,85439,0,0.0,,0.0,0.011122685185185185,,,0,0,86400,40.041666666666664,190,7.916666666666667,961,,0,0,,
303,E1,nominal,Without rules,True,0,961,85439,0,0.0,,0.0,0.011122685185185185,,,0,0,86400,40.041666666666664,190,7.916666666666667,961,,0,0,,
303,E1,nominal,Phase A ML + rolling R2,True,0,2610,83790,0,0.0,,0.0,0.030208333333333334,,,0,0,86400,108.75,438,18.25,2610,,0,0,,
303,E1,nominal,Phase A ML + authorized network,True,0,2610,83790,0,0.0,,0.0,0.030208333333333334,,,0,0,86400,108.75,438,18.25,2610,,0,0,,
303,E1,nominal,Phase A.2 ML + legacy rules/network,True,0,961,85439,0,0.0,,0.0,0.011122685185185185,,,0,0,86400,40.041666666666664,190,7.916666666666667,961,,0,0,,
303,E1,nominal,Historical original hybrid,True,0,5020,81380,0,0.0,,0.0,0.05810185185185185,,,0,0,86400,209.16666666666666,631,26.291666666666668,5020,,0,0,,
303,E2,known synthetic attack,Phase A hybrid,True,1,2610,83789,0,0.00038299502106472615,1.0,0.0007656967840735069,0.030208682970867717,1.0,0.0,1,1,86400,108.75,438,18.25,2611,0.0,1,1,1.0,0.0
303,E2,known synthetic attack,Phase A ML,True,0,2610,83789,1,0.0,0.0,0.0,0.030208682970867717,0.0,,0,1,86400,108.75,438,18.25,2610,,0,1,0.0,
303,E2,known synthetic attack,Phase A.2 hybrid,True,1,961,85438,0,0.0010395010395010396,1.0,0.0020768431983385254,0.011122813921457425,1.0,0.0,1,1,86400,40.041666666666664,190,7.916666666666667,962,0.0,1,1,1.0,0.0
303,E2,known synthetic attack,Rules only,True,1,0,86399,0,1.0,1.0,1.0,0.0,1.0,0.0,1,1,86400,0.0,0,0.0,1,0.0,1,1,1.0,0.0
303,E2,known synthetic attack,ML only,True,0,961,85438,1,0.0,0.0,0.0,0.011122813921457425,0.0,,0,1,86400,40.041666666666664,190,7.916666666666667,961,,0,1,0.0,
303,E2,known synthetic attack,Network only,True,0,0,86399,1,,0.0,0.0,0.0,0.0,,0,1,86400,0.0,0,0.0,0,,0,1,0.0,
303,E2,known synthetic attack,Without ML,True,1,0,86399,0,1.0,1.0,1.0,0.0,1.0,0.0,1,1,86400,0.0,0,0.0,1,0.0,1,1,1.0,0.0
303,E2,known synthetic attack,Without network,True,1,961,85438,0,0.0010395010395010396,1.0,0.0020768431983385254,0.011122813921457425,1.0,0.0,1,1,86400,40.041666666666664,190,7.916666666666667,962,0.0,1,1,1.0,0.0
303,E2,known synthetic attack,Without rules,True,0,961,85438,1,0.0,0.0,0.0,0.011122813921457425,0.0,,0,1,86400,40.041666666666664,190,7.916666666666667,961,,0,1,0.0,
303,E2,known synthetic attack,Phase A ML + rolling R2,True,1,2610,83789,0,0.00038299502106472615,1.0,0.0007656967840735069,0.030208682970867717,1.0,0.0,1,1,86400,108.75,438,18.25,2611,0.0,1,1,1.0,0.0
303,E2,known synthetic attack,Phase A ML + authorized network,True,1,2610,83789,0,0.00038299502106472615,1.0,0.0007656967840735069,0.030208682970867717,1.0,0.0,1,1,86400,108.75,438,18.25,2611,0.0,1,1,1.0,0.0
303,E2,known synthetic attack,Phase A.2 ML + legacy rules/network,True,1,961,85438,0,0.0010395010395010396,1.0,0.0020768431983385254,0.011122813921457425,1.0,0.0,1,1,86400,40.041666666666664,190,7.916666666666667,962,0.0,1,1,1.0,0.0
303,E2,known synthetic attack,Historical original hybrid,True,1,5020,81379,0,0.00019916351324437363,1.0,0.00039824771007566706,0.05810252433477239,1.0,0.0,1,1,86400,209.16666666666666,631,26.291666666666668,5021,0.0,1,1,1.0,0.0
303,E3,known synthetic attack,Phase A hybrid,True,1,2610,83731,58,0.00038299502106472615,0.01694915254237288,0.000749063670411985,0.03022897580523737,1.0,18.0,1,1,86400,108.75,438,18.25,2611,18.0,1,1,1.0,18.0
303,E3,known synthetic attack,Phase A ML,True,0,2610,83731,59,0.0,0.0,0.0,0.03022897580523737,0.0,,0,1,86400,108.75,438,18.25,2610,,0,1,0.0,
303,E3,known synthetic attack,Phase A.2 hybrid,True,1,961,85380,58,0.0010395010395010396,0.01694915254237288,0.0019588638589618022,0.011130285727522267,1.0,18.0,1,1,86400,40.041666666666664,190,7.916666666666667,962,18.0,1,1,1.0,18.0
303,E3,known synthetic attack,Rules only,True,1,0,86341,58,1.0,0.01694915254237288,0.03333333333333333,0.0,1.0,18.0,1,1,86400,0.0,0,0.0,1,18.0,1,1,1.0,18.0
303,E3,known synthetic attack,ML only,True,0,961,85380,59,0.0,0.0,0.0,0.011130285727522267,0.0,,0,1,86400,40.041666666666664,190,7.916666666666667,961,,0,1,0.0,
303,E3,known synthetic attack,Network only,True,0,0,86341,59,,0.0,0.0,0.0,0.0,,0,1,86400,0.0,0,0.0,0,,0,1,0.0,
303,E3,known synthetic attack,Without ML,True,1,0,86341,58,1.0,0.01694915254237288,0.03333333333333333,0.0,1.0,18.0,1,1,86400,0.0,0,0.0,1,18.0,1,1,1.0,18.0
303,E3,known synthetic attack,Without network,True,1,961,85380,58,0.0010395010395010396,0.01694915254237288,0.0019588638589618022,0.011130285727522267,1.0,18.0,1,1,86400,40.041666666666664,190,7.916666666666667,962,18.0,1,1,1.0,18.0
303,E3,known synthetic attack,Without rules,True,0,961,85380,59,0.0,0.0,0.0,0.011130285727522267,0.0,,0,1,86400,40.041666666666664,190,7.916666666666667,961,,0,1,0.0,
303,E3,known synthetic attack,Phase A ML + rolling R2,True,1,2610,83731,58,0.00038299502106472615,0.01694915254237288,0.000749063670411985,0.03022897580523737,1.0,18.0,1,1,86400,108.75,438,18.25,2611,18.0,1,1,1.0,18.0
303,E3,known synthetic attack,Phase A ML + authorized network,True,1,2610,83731,58,0.00038299502106472615,0.01694915254237288,0.000749063670411985,0.03022897580523737,1.0,18.0,1,1,86400,108.75,438,18.25,2611,18.0,1,1,1.0,18.0
303,E3,known synthetic attack,Phase A.2 ML + legacy rules/network,True,1,961,85380,58,0.0010395010395010396,0.01694915254237288,0.0019588638589618022,0.011130285727522267,1.0,18.0,1,1,86400,40.041666666666664,190,7.916666666666667,962,18.0,1,1,1.0,18.0
303,E3,known synthetic attack,Historical original hybrid,True,3,5018,81323,56,0.0005974905397331209,0.05084745762711865,0.0011811023622047244,0.05811839103091231,1.0,18.0,1,1,86400,209.08333333333334,629,26.208333333333332,5021,18.0,1,1,1.0,18.0
303,E4,known synthetic attack,Phase A hybrid,True,120,2610,83670,0,0.04395604395604396,1.0,0.08421052631578947,0.030250347705146036,1.0,0.0,1,1,86400,108.75,438,18.25,2730,0.0,1,1,1.0,0.0
303,E4,known synthetic attack,Phase A ML,True,0,2610,83670,120,0.0,0.0,0.0,0.030250347705146036,0.0,,0,1,86400,108.75,438,18.25,2610,,0,1,0.0,
303,E4,known synthetic attack,Phase A.2 hybrid,True,120,961,85319,0,0.11100832562442182,1.0,0.19983347210657784,0.011138154844691701,1.0,0.0,1,1,86400,40.041666666666664,190,7.916666666666667,1081,0.0,1,1,1.0,0.0
303,E4,known synthetic attack,Rules only,True,0,0,86280,120,,0.0,0.0,0.0,0.0,,0,1,86400,0.0,0,0.0,0,,0,1,0.0,
303,E4,known synthetic attack,ML only,True,0,961,85319,120,0.0,0.0,0.0,0.011138154844691701,0.0,,0,1,86400,40.041666666666664,190,7.916666666666667,961,,0,1,0.0,
303,E4,known synthetic attack,Network only,True,120,0,86280,0,1.0,1.0,1.0,0.0,1.0,0.0,1,1,86400,0.0,0,0.0,120,0.0,1,1,1.0,0.0
303,E4,known synthetic attack,Without ML,True,120,0,86280,0,1.0,1.0,1.0,0.0,1.0,0.0,1,1,86400,0.0,0,0.0,120,0.0,1,1,1.0,0.0
303,E4,known synthetic attack,Without network,True,0,961,85319,120,0.0,0.0,0.0,0.011138154844691701,0.0,,0,1,86400,40.041666666666664,190,7.916666666666667,961,,0,1,0.0,
303,E4,known synthetic attack,Without rules,True,120,961,85319,0,0.11100832562442182,1.0,0.19983347210657784,0.011138154844691701,1.0,0.0,1,1,86400,40.041666666666664,190,7.916666666666667,1081,0.0,1,1,1.0,0.0
303,E4,known synthetic attack,Phase A ML + rolling R2,True,120,2610,83670,0,0.04395604395604396,1.0,0.08421052631578947,0.030250347705146036,1.0,0.0,1,1,86400,108.75,438,18.25,2730,0.0,1,1,1.0,0.0
303,E4,known synthetic attack,Phase A ML + authorized network,True,120,2610,83670,0,0.04395604395604396,1.0,0.08421052631578947,0.030250347705146036,1.0,0.0,1,1,86400,108.75,438,18.25,2730,0.0,1,1,1.0,0.0
303,E4,known synthetic attack,Phase A.2 ML + legacy rules/network,True,120,961,85319,0,0.11100832562442182,1.0,0.19983347210657784,0.011138154844691701,1.0,0.0,1,1,86400,40.041666666666664,190,7.916666666666667,1081,0.0,1,1,1.0,0.0
303,E4,known synthetic attack,Historical original hybrid,True,120,5018,81262,0,0.023355391202802646,1.0,0.045644731837200456,0.058159480760315255,1.0,0.0,1,1,86400,209.08333333333334,629,26.208333333333332,5140,0.0,1,1,1.0,0.0
303,E5,known synthetic attack,Phase A hybrid,True,181,2610,83609,0,0.06485130777499104,1.0,0.12180349932705249,0.030271749846321576,1.0,0.0,1,1,86400,108.75,438,18.25,2796,0.0,1,1,1.0,0.0
303,E5,known synthetic attack,Phase A ML,True,5,2610,83609,176,0.0019120458891013384,0.027624309392265192,0.00357653791130186,0.030271749846321576,1.0,26.0,1,1,86400,108.75,438,18.25,2615,26.0,1,1,1.0,26.0
303,E5,known synthetic attack,Phase A.2 hybrid,True,181,961,85258,0,0.1584938704028021,1.0,0.273620559334845,0.011146035096672427,1.0,0.0,1,1,86400,40.041666666666664,190,7.916666666666667,1157,0.0,1,1,1.0,0.0
303,E5,known synthetic attack,Rules only,True,181,0,86219,0,1.0,1.0,1.0,0.0,1.0,0.0,1,1,86400,0.0,0,0.0,181,0.0,1,1,1.0,0.0
303,E5,known synthetic attack,ML only,True,15,961,85258,166,0.015368852459016393,0.08287292817679558,0.02592912705272256,0.011146035096672427,1.0,15.0,1,1,86400,40.041666666666664,190,7.916666666666667,976,15.0,1,1,1.0,15.0
303,E5,known synthetic attack,Network only,True,0,0,86219,181,,0.0,0.0,0.0,0.0,,0,1,86400,0.0,0,0.0,0,,0,1,0.0,
303,E5,known synthetic attack,Without ML,True,181,0,86219,0,1.0,1.0,1.0,0.0,1.0,0.0,1,1,86400,0.0,0,0.0,181,0.0,1,1,1.0,0.0
303,E5,known synthetic attack,Without network,True,181,961,85258,0,0.1584938704028021,1.0,0.273620559334845,0.011146035096672427,1.0,0.0,1,1,86400,40.041666666666664,190,7.916666666666667,1157,0.0,1,1,1.0,0.0
303,E5,known synthetic attack,Without rules,True,15,961,85258,166,0.015368852459016393,0.08287292817679558,0.02592912705272256,0.011146035096672427,1.0,15.0,1,1,86400,40.041666666666664,190,7.916666666666667,976,15.0,1,1,1.0,15.0
303,E5,known synthetic attack,Phase A ML + rolling R2,True,181,2610,83609,0,0.06485130777499104,1.0,0.12180349932705249,0.030271749846321576,1.0,0.0,1,1,86400,108.75,438,18.25,2796,0.0,1,1,1.0,0.0
303,E5,known synthetic attack,Phase A ML + authorized network,True,181,2610,83609,0,0.06485130777499104,1.0,0.12180349932705249,0.030271749846321576,1.0,0.0,1,1,86400,108.75,438,18.25,2796,0.0,1,1,1.0,0.0
303,E5,known synthetic attack,Phase A.2 ML + legacy rules/network,True,181,961,85258,0,0.1584938704028021,1.0,0.273620559334845,0.011146035096672427,1.0,0.0,1,1,86400,40.041666666666664,190,7.916666666666667,1157,0.0,1,1,1.0,0.0
303,E5,known synthetic attack,Historical original hybrid,True,181,5018,81201,0,0.03481438738218888,1.0,0.06728624535315986,0.0582006286317401,1.0,0.0,1,1,86400,209.08333333333334,629,26.208333333333332,5228,0.0,1,1,1.0,0.0
303,E6,known synthetic attack,Phase A hybrid,True,181,2610,83609,0,0.06485130777499104,1.0,0.12180349932705249,0.030271749846321576,1.0,0.0,1,1,86400,108.75,438,18.25,2917,0.0,3,3,1.0,0.0
303,E6,known synthetic attack,Phase A ML,True,5,2610,83609,176,0.0019120458891013384,0.027624309392265192,0.00357653791130186,0.030271749846321576,1.0,26.0,1,1,86400,108.75,438,18.25,2615,26.0,1,3,0.3333333333333333,26.0
303,E6,known synthetic attack,Phase A.2 hybrid,True,181,961,85258,0,0.1584938704028021,1.0,0.273620559334845,0.011146035096672427,1.0,0.0,1,1,86400,40.041666666666664,190,7.916666666666667,1278,0.0,3,3,1.0,0.0
303,E6,known synthetic attack,Rules only,True,181,0,86219,0,1.0,1.0,1.0,0.0,1.0,0.0,1,1,86400,0.0,0,0.0,182,0.0,2,3,0.6666666666666666,0.0
303,E6,known synthetic attack,ML only,True,15,961,85258,166,0.015368852459016393,0.08287292817679558,0.02592912705272256,0.011146035096672427,1.0,15.0,1,1,86400,40.041666666666664,190,7.916666666666667,976,15.0,1,3,0.3333333333333333,15.0
303,E6,known synthetic attack,Network only,True,120,0,86219,61,1.0,0.6629834254143646,0.7973421926910299,0.0,1.0,0.0,1,1,86400,0.0,0,0.0,120,0.0,1,3,0.3333333333333333,0.0
303,E6,known synthetic attack,Without ML,True,181,0,86219,0,1.0,1.0,1.0,0.0,1.0,0.0,1,1,86400,0.0,0,0.0,302,0.0,3,3,1.0,0.0
303,E6,known synthetic attack,Without network,True,181,961,85258,0,0.1584938704028021,1.0,0.273620559334845,0.011146035096672427,1.0,0.0,1,1,86400,40.041666666666664,190,7.916666666666667,1158,0.0,2,3,0.6666666666666666,0.0
303,E6,known synthetic attack,Without rules,True,120,961,85258,61,0.11100832562442182,0.6629834254143646,0.1901743264659271,0.011146035096672427,1.0,0.0,1,1,86400,40.041666666666664,190,7.916666666666667,1096,0.0,2,3,0.6666666666666666,7.5
303,E6,known synthetic attack,Phase A ML + rolling R2,True,181,2610,83609,0,0.06485130777499104,1.0,0.12180349932705249,0.030271749846321576,1.0,0.0,1,1,86400,108.75,438,18.25,2917,0.0,3,3,1.0,0.0
303,E6,known synthetic attack,Phase A ML + authorized network,True,181,2610,83609,0,0.06485130777499104,1.0,0.12180349932705249,0.030271749846321576,1.0,0.0,1,1,86400,108.75,438,18.25,2917,0.0,3,3,1.0,0.0
303,E6,known synthetic attack,Phase A.2 ML + legacy rules/network,True,181,961,85258,0,0.1584938704028021,1.0,0.273620559334845,0.011146035096672427,1.0,0.0,1,1,86400,40.041666666666664,190,7.916666666666667,1278,0.0,3,3,1.0,0.0
303,E6,known synthetic attack,Historical original hybrid,True,181,5018,81201,0,0.03481438738218888,1.0,0.06728624535315986,0.0582006286317401,1.0,0.0,1,1,86400,209.08333333333334,629,26.208333333333332,5349,0.0,3,3,1.0,0.0
303,E7,known synthetic attack,Phase A hybrid,True,117,2610,83673,0,0.0429042904290429,1.0,0.08227848101265822,0.030249295921560445,1.0,0.0,2,2,86400,108.75,438,18.25,2843,0.0,6,6,1.0,1.6666666666666667
303,E7,known synthetic attack,Phase A ML,True,52,2610,83673,65,0.019534184823441023,0.4444444444444444,0.037423533645196114,0.030249295921560445,0.5,60.0,1,2,86400,108.75,438,18.25,2662,60.0,1,6,0.16666666666666666,5.0
303,E7,known synthetic attack,Phase A.2 hybrid,True,117,961,85322,0,0.10853432282003711,1.0,0.19581589958158996,0.011137767578781451,1.0,0.0,2,2,86400,40.041666666666664,190,7.916666666666667,1153,0.0,6,6,1.0,1.6666666666666667
303,E7,known synthetic attack,Rules only,True,63,0,86283,54,1.0,0.5384615384615384,0.7,0.0,1.0,20.5,2,2,86400,0.0,0,0.0,63,20.5,3,6,0.5,3.3333333333333335
303,E7,known synthetic attack,ML only,True,11,961,85322,106,0.01131687242798354,0.09401709401709402,0.020202020202020204,0.011137767578781451,0.5,78.0,1,2,86400,40.041666666666664,190,7.916666666666667,972,78.0,1,6,0.16666666666666666,23.0
303,E7,known synthetic attack,Network only,True,116,0,86283,1,1.0,0.9914529914529915,0.9957081545064378,0.0,0.5,0.0,1,2,86400,0.0,0,0.0,116,0.0,1,6,0.16666666666666666,0.0
303,E7,known synthetic attack,Without ML,True,117,0,86283,0,1.0,1.0,1.0,0.0,1.0,0.0,2,2,86400,0.0,0,0.0,181,0.0,6,6,1.0,1.6666666666666667
303,E7,known synthetic attack,Without network,True,63,961,85322,54,0.0615234375,0.5384615384615384,0.11042944785276074,0.011137767578781451,1.0,20.5,2,2,86400,40.041666666666664,190,7.916666666666667,1037,20.5,5,6,0.8333333333333334,2.0
303,E7,known synthetic attack,Without rules,True,116,961,85322,1,0.10770659238625813,0.9914529914529915,0.19430485762144054,0.011137767578781451,0.5,0.0,1,2,86400,40.041666666666664,190,7.916666666666667,1090,0.0,4,6,0.6666666666666666,5.75
303,E7,known synthetic attack,Phase A ML + rolling R2,True,117,2610,83673,0,0.0429042904290429,1.0,0.08227848101265822,0.030249295921560445,1.0,0.0,2,2,86400,108.75,438,18.25,2843,0.0,6,6,1.0,1.6666666666666667
303,E7,known synthetic attack,Phase A ML + authorized network,True,117,2610,83673,0,0.0429042904290429,1.0,0.08227848101265822,0.030249295921560445,1.0,0.0,2,2,86400,108.75,438,18.25,2843,0.0,6,6,1.0,1.6666666666666667
303,E7,known synthetic attack,Phase A.2 ML + legacy rules/network,True,117,961,85322,0,0.10853432282003711,1.0,0.19581589958158996,0.011137767578781451,1.0,0.0,2,2,86400,40.041666666666664,190,7.916666666666667,1153,0.0,6,6,1.0,1.6666666666666667
303,E7,known synthetic attack,Historical original hybrid,True,117,5027,81256,0,0.022744945567651633,1.0,0.04447823607679149,0.058261766512522746,1.0,0.0,2,2,86400,209.45833333333334,634,26.416666666666668,5251,0.0,6,6,1.0,1.6666666666666667
303,benign_command_burst,nominal,Phase A hybrid,True,0,2611,83789,0,0.0,,0.0,0.030219907407407407,,,0,0,86400,108.79166666666667,439,18.291666666666668,2611,,0,0,,
303,benign_command_burst,nominal,Phase A ML,True,0,2610,83790,0,0.0,,0.0,0.030208333333333334,,,0,0,86400,108.75,438,18.25,2610,,0,0,,
303,benign_command_burst,nominal,Phase A.2 hybrid,True,0,962,85438,0,0.0,,0.0,0.011134259259259259,,,0,0,86400,40.083333333333336,191,7.958333333333333,962,,0,0,,
303,benign_command_burst,nominal,Rules only,True,0,1,86399,0,0.0,,0.0,1.1574074074074073e-05,,,0,0,86400,0.041666666666666664,1,0.041666666666666664,1,,0,0,,
303,benign_command_burst,nominal,ML only,True,0,961,85439,0,0.0,,0.0,0.011122685185185185,,,0,0,86400,40.041666666666664,190,7.916666666666667,961,,0,0,,
303,benign_command_burst,nominal,Network only,True,0,0,86400,0,,,,0.0,,,0,0,86400,0.0,0,0.0,0,,0,0,,
303,benign_command_burst,nominal,Without ML,True,0,1,86399,0,0.0,,0.0,1.1574074074074073e-05,,,0,0,86400,0.041666666666666664,1,0.041666666666666664,1,,0,0,,
303,benign_command_burst,nominal,Without network,True,0,962,85438,0,0.0,,0.0,0.011134259259259259,,,0,0,86400,40.083333333333336,191,7.958333333333333,962,,0,0,,
303,benign_command_burst,nominal,Without rules,True,0,961,85439,0,0.0,,0.0,0.011122685185185185,,,0,0,86400,40.041666666666664,190,7.916666666666667,961,,0,0,,
303,benign_command_burst,nominal,Phase A ML + rolling R2,True,0,2611,83789,0,0.0,,0.0,0.030219907407407407,,,0,0,86400,108.79166666666667,439,18.291666666666668,2611,,0,0,,
303,benign_command_burst,nominal,Phase A ML + authorized network,True,0,2611,83789,0,0.0,,0.0,0.030219907407407407,,,0,0,86400,108.79166666666667,439,18.291666666666668,2611,,0,0,,
303,benign_command_burst,nominal,Phase A.2 ML + legacy rules/network,True,0,962,85438,0,0.0,,0.0,0.011134259259259259,,,0,0,86400,40.083333333333336,191,7.958333333333333,962,,0,0,,
303,benign_command_burst,nominal,Historical original hybrid,True,0,5021,81379,0,0.0,,0.0,0.05811342592592592,,,0,0,86400,209.20833333333334,632,26.333333333333332,5021,,0,0,,
303,benign_authorized_peer,nominal,Phase A hybrid,True,0,2700,83700,0,0.0,,0.0,0.03125,,,0,0,86400,112.5,439,18.291666666666668,2700,,0,0,,
303,benign_authorized_peer,nominal,Phase A ML,True,0,2610,83790,0,0.0,,0.0,0.030208333333333334,,,0,0,86400,108.75,438,18.25,2610,,0,0,,
303,benign_authorized_peer,nominal,Phase A.2 hybrid,True,0,961,85439,0,0.0,,0.0,0.011122685185185185,,,0,0,86400,40.041666666666664,190,7.916666666666667,961,,0,0,,
303,benign_authorized_peer,nominal,Rules only,True,0,0,86400,0,,,,0.0,,,0,0,86400,0.0,0,0.0,0,,0,0,,
303,benign_authorized_peer,nominal,ML only,True,0,961,85439,0,0.0,,0.0,0.011122685185185185,,,0,0,86400,40.041666666666664,190,7.916666666666667,961,,0,0,,
303,benign_authorized_peer,nominal,Network only,True,0,0,86400,0,,,,0.0,,,0,0,86400,0.0,0,0.0,0,,0,0,,
303,benign_authorized_peer,nominal,Without ML,True,0,0,86400,0,,,,0.0,,,0,0,86400,0.0,0,0.0,0,,0,0,,
303,benign_authorized_peer,nominal,Without network,True,0,961,85439,0,0.0,,0.0,0.011122685185185185,,,0,0,86400,40.041666666666664,190,7.916666666666667,961,,0,0,,
303,benign_authorized_peer,nominal,Without rules,True,0,961,85439,0,0.0,,0.0,0.011122685185185185,,,0,0,86400,40.041666666666664,190,7.916666666666667,961,,0,0,,
303,benign_authorized_peer,nominal,Phase A ML + rolling R2,True,0,2700,83700,0,0.0,,0.0,0.03125,,,0,0,86400,112.5,439,18.291666666666668,2700,,0,0,,
303,benign_authorized_peer,nominal,Phase A ML + authorized network,True,0,2610,83790,0,0.0,,0.0,0.030208333333333334,,,0,0,86400,108.75,438,18.25,2610,,0,0,,
303,benign_authorized_peer,nominal,Phase A.2 ML + legacy rules/network,True,0,1051,85349,0,0.0,,0.0,0.012164351851851852,,,0,0,86400,43.791666666666664,191,7.958333333333333,1051,,0,0,,
303,benign_authorized_peer,nominal,Historical original hybrid,True,0,5110,81290,0,0.0,,0.0,0.05914351851851852,,,0,0,86400,212.91666666666666,632,26.333333333333332,5110,,0,0,,
303,benign_load,nominal,Phase A hybrid,True,0,2610,83790,0,0.0,,0.0,0.030208333333333334,,,0,0,86400,108.75,438,18.25,2610,,0,0,,
303,benign_load,nominal,Phase A ML,True,0,2610,83790,0,0.0,,0.0,0.030208333333333334,,,0,0,86400,108.75,438,18.25,2610,,0,0,,
303,benign_load,nominal,Phase A.2 hybrid,True,0,961,85439,0,0.0,,0.0,0.011122685185185185,,,0,0,86400,40.041666666666664,190,7.916666666666667,961,,0,0,,
303,benign_load,nominal,Rules only,True,0,0,86400,0,,,,0.0,,,0,0,86400,0.0,0,0.0,0,,0,0,,
303,benign_load,nominal,ML only,True,0,961,85439,0,0.0,,0.0,0.011122685185185185,,,0,0,86400,40.041666666666664,190,7.916666666666667,961,,0,0,,
303,benign_load,nominal,Network only,True,0,0,86400,0,,,,0.0,,,0,0,86400,0.0,0,0.0,0,,0,0,,
303,benign_load,nominal,Without ML,True,0,0,86400,0,,,,0.0,,,0,0,86400,0.0,0,0.0,0,,0,0,,
303,benign_load,nominal,Without network,True,0,961,85439,0,0.0,,0.0,0.011122685185185185,,,0,0,86400,40.041666666666664,190,7.916666666666667,961,,0,0,,
303,benign_load,nominal,Without rules,True,0,961,85439,0,0.0,,0.0,0.011122685185185185,,,0,0,86400,40.041666666666664,190,7.916666666666667,961,,0,0,,
303,benign_load,nominal,Phase A ML + rolling R2,True,0,2610,83790,0,0.0,,0.0,0.030208333333333334,,,0,0,86400,108.75,438,18.25,2610,,0,0,,
303,benign_load,nominal,Phase A ML + authorized network,True,0,2610,83790,0,0.0,,0.0,0.030208333333333334,,,0,0,86400,108.75,438,18.25,2610,,0,0,,
303,benign_load,nominal,Phase A.2 ML + legacy rules/network,True,0,961,85439,0,0.0,,0.0,0.011122685185185185,,,0,0,86400,40.041666666666664,190,7.916666666666667,961,,0,0,,
303,benign_load,nominal,Historical original hybrid,True,0,5020,81380,0,0.0,,0.0,0.05810185185185185,,,0,0,86400,209.16666666666666,631,26.291666666666668,5020,,0,0,,
303,benign_telemetry,nominal,Phase A hybrid,True,0,8255,78145,0,0.0,,0.0,0.09554398148148148,,,0,0,86400,343.9583333333333,409,17.041666666666668,8255,,0,0,,
303,benign_telemetry,nominal,Phase A ML,True,0,8255,78145,0,0.0,,0.0,0.09554398148148148,,,0,0,86400,343.9583333333333,409,17.041666666666668,8255,,0,0,,
303,benign_telemetry,nominal,Phase A.2 hybrid,True,0,2061,84339,0,0.0,,0.0,0.023854166666666666,,,0,0,86400,85.875,377,15.708333333333334,2061,,0,0,,
303,benign_telemetry,nominal,Rules only,True,0,0,86400,0,,,,0.0,,,0,0,86400,0.0,0,0.0,0,,0,0,,
303,benign_telemetry,nominal,ML only,True,0,2061,84339,0,0.0,,0.0,0.023854166666666666,,,0,0,86400,85.875,377,15.708333333333334,2061,,0,0,,
303,benign_telemetry,nominal,Network only,True,0,0,86400,0,,,,0.0,,,0,0,86400,0.0,0,0.0,0,,0,0,,
303,benign_telemetry,nominal,Without ML,True,0,0,86400,0,,,,0.0,,,0,0,86400,0.0,0,0.0,0,,0,0,,
303,benign_telemetry,nominal,Without network,True,0,2061,84339,0,0.0,,0.0,0.023854166666666666,,,0,0,86400,85.875,377,15.708333333333334,2061,,0,0,,
303,benign_telemetry,nominal,Without rules,True,0,2061,84339,0,0.0,,0.0,0.023854166666666666,,,0,0,86400,85.875,377,15.708333333333334,2061,,0,0,,
303,benign_telemetry,nominal,Phase A ML + rolling R2,True,0,8255,78145,0,0.0,,0.0,0.09554398148148148,,,0,0,86400,343.9583333333333,409,17.041666666666668,8255,,0,0,,
303,benign_telemetry,nominal,Phase A ML + authorized network,True,0,8255,78145,0,0.0,,0.0,0.09554398148148148,,,0,0,86400,343.9583333333333,409,17.041666666666668,8255,,0,0,,
303,benign_telemetry,nominal,Phase A.2 ML + legacy rules/network,True,0,2061,84339,0,0.0,,0.0,0.023854166666666666,,,0,0,86400,85.875,377,15.708333333333334,2061,,0,0,,
303,benign_telemetry,nominal,Historical original hybrid,True,0,8670,77730,0,0.0,,0.0,0.10034722222222223,,,0,0,86400,361.25,349,14.541666666666666,8670,,0,0,,
303,attack_primary_unauthorized,known synthetic attack,Phase A hybrid,True,1,2610,83789,0,0.00038299502106472615,1.0,0.0007656967840735069,0.030208682970867717,1.0,0.0,1,1,86400,108.75,438,18.25,2611,0.0,1,1,1.0,0.0
303,attack_primary_unauthorized,known synthetic attack,Phase A ML,True,0,2610,83789,1,0.0,0.0,0.0,0.030208682970867717,0.0,,0,1,86400,108.75,438,18.25,2610,,0,1,0.0,
303,attack_primary_unauthorized,known synthetic attack,Phase A.2 hybrid,True,1,961,85438,0,0.0010395010395010396,1.0,0.0020768431983385254,0.011122813921457425,1.0,0.0,1,1,86400,40.041666666666664,190,7.916666666666667,962,0.0,1,1,1.0,0.0
303,attack_primary_unauthorized,known synthetic attack,Rules only,True,1,0,86399,0,1.0,1.0,1.0,0.0,1.0,0.0,1,1,86400,0.0,0,0.0,1,0.0,1,1,1.0,0.0
303,attack_primary_unauthorized,known synthetic attack,ML only,True,0,961,85438,1,0.0,0.0,0.0,0.011122813921457425,0.0,,0,1,86400,40.041666666666664,190,7.916666666666667,961,,0,1,0.0,
303,attack_primary_unauthorized,known synthetic attack,Network only,True,0,0,86399,1,,0.0,0.0,0.0,0.0,,0,1,86400,0.0,0,0.0,0,,0,1,0.0,
303,attack_primary_unauthorized,known synthetic attack,Without ML,True,1,0,86399,0,1.0,1.0,1.0,0.0,1.0,0.0,1,1,86400,0.0,0,0.0,1,0.0,1,1,1.0,0.0
303,attack_primary_unauthorized,known synthetic attack,Without network,True,1,961,85438,0,0.0010395010395010396,1.0,0.0020768431983385254,0.011122813921457425,1.0,0.0,1,1,86400,40.041666666666664,190,7.916666666666667,962,0.0,1,1,1.0,0.0
303,attack_primary_unauthorized,known synthetic attack,Without rules,True,0,961,85438,1,0.0,0.0,0.0,0.011122813921457425,0.0,,0,1,86400,40.041666666666664,190,7.916666666666667,961,,0,1,0.0,
303,attack_primary_unauthorized,known synthetic attack,Phase A ML + rolling R2,True,1,2610,83789,0,0.00038299502106472615,1.0,0.0007656967840735069,0.030208682970867717,1.0,0.0,1,1,86400,108.75,438,18.25,2611,0.0,1,1,1.0,0.0
303,attack_primary_unauthorized,known synthetic attack,Phase A ML + authorized network,True,1,2610,83789,0,0.00038299502106472615,1.0,0.0007656967840735069,0.030208682970867717,1.0,0.0,1,1,86400,108.75,438,18.25,2611,0.0,1,1,1.0,0.0
303,attack_primary_unauthorized,known synthetic attack,Phase A.2 ML + legacy rules/network,True,1,961,85438,0,0.0010395010395010396,1.0,0.0020768431983385254,0.011122813921457425,1.0,0.0,1,1,86400,40.041666666666664,190,7.916666666666667,962,0.0,1,1,1.0,0.0
303,attack_primary_unauthorized,known synthetic attack,Historical original hybrid,True,0,5020,81379,1,0.0,0.0,0.0,0.05810252433477239,0.0,,0,1,86400,209.16666666666666,631,26.291666666666668,5020,,0,1,0.0,
303,attack_boundary_flood,known synthetic attack,Phase A hybrid,True,0,2610,83778,12,0.0,0.0,0.0,0.03021252951798861,0.0,,0,1,86400,108.75,438,18.25,2610,,0,1,0.0,
303,attack_boundary_flood,known synthetic attack,Phase A ML,True,0,2610,83778,12,0.0,0.0,0.0,0.03021252951798861,0.0,,0,1,86400,108.75,438,18.25,2610,,0,1,0.0,
303,attack_boundary_flood,known synthetic attack,Phase A.2 hybrid,True,1,961,85427,11,0.0010395010395010396,0.08333333333333333,0.002053388090349076,0.01112423021715979,1.0,10.0,1,1,86400,40.041666666666664,190,7.916666666666667,962,10.0,1,1,1.0,10.0
303,attack_boundary_flood,known synthetic attack,Rules only,True,1,0,86388,11,1.0,0.08333333333333333,0.15384615384615385,0.0,1.0,10.0,1,1,86400,0.0,0,0.0,1,10.0,1,1,1.0,10.0
303,attack_boundary_flood,known synthetic attack,ML only,True,0,961,85427,12,0.0,0.0,0.0,0.01112423021715979,0.0,,0,1,86400,40.041666666666664,190,7.916666666666667,961,,0,1,0.0,
303,attack_boundary_flood,known synthetic attack,Network only,True,0,0,86388,12,,0.0,0.0,0.0,0.0,,0,1,86400,0.0,0,0.0,0,,0,1,0.0,
303,attack_boundary_flood,known synthetic attack,Without ML,True,1,0,86388,11,1.0,0.08333333333333333,0.15384615384615385,0.0,1.0,10.0,1,1,86400,0.0,0,0.0,1,10.0,1,1,1.0,10.0
303,attack_boundary_flood,known synthetic attack,Without network,True,1,961,85427,11,0.0010395010395010396,0.08333333333333333,0.002053388090349076,0.01112423021715979,1.0,10.0,1,1,86400,40.041666666666664,190,7.916666666666667,962,10.0,1,1,1.0,10.0
303,attack_boundary_flood,known synthetic attack,Without rules,True,0,961,85427,12,0.0,0.0,0.0,0.01112423021715979,0.0,,0,1,86400,40.041666666666664,190,7.916666666666667,961,,0,1,0.0,
303,attack_boundary_flood,known synthetic attack,Phase A ML + rolling R2,True,1,2610,83778,11,0.00038299502106472615,0.08333333333333333,0.0007624857033930614,0.03021252951798861,1.0,10.0,1,1,86400,108.75,438,18.25,2611,10.0,1,1,1.0,10.0
303,attack_boundary_flood,known synthetic attack,Phase A ML + authorized network,True,0,2610,83778,12,0.0,0.0,0.0,0.03021252951798861,0.0,,0,1,86400,108.75,438,18.25,2610,,0,1,0.0,
303,attack_boundary_flood,known synthetic attack,Phase A.2 ML + legacy rules/network,True,0,961,85427,12,0.0,0.0,0.0,0.01112423021715979,0.0,,0,1,86400,40.041666666666664,190,7.916666666666667,961,,0,1,0.0,
303,attack_boundary_flood,known synthetic attack,Historical original hybrid,True,0,5020,81368,12,0.0,0.0,0.0,0.05810992267444552,0.0,,0,1,86400,209.16666666666666,631,26.291666666666668,5020,,0,1,0.0,
303,attack_low_network,known synthetic attack,Phase A hybrid,True,1,2610,83700,89,0.00038299502106472615,0.011111111111111112,0.0007404664938911515,0.03023983315954119,1.0,0.0,1,1,86400,108.75,438,18.25,2611,0.0,1,1,1.0,0.0
303,attack_low_network,known synthetic attack,Phase A ML,True,0,2610,83700,90,0.0,0.0,0.0,0.03023983315954119,0.0,,0,1,86400,108.75,438,18.25,2610,,0,1,0.0,
303,attack_low_network,known synthetic attack,Phase A.2 hybrid,True,1,961,85349,89,0.0010395010395010396,0.011111111111111112,0.0019011406844106464,0.01113428339705712,1.0,0.0,1,1,86400,40.041666666666664,190,7.916666666666667,962,0.0,1,1,1.0,0.0
303,attack_low_network,known synthetic attack,Rules only,True,0,0,86310,90,,0.0,0.0,0.0,0.0,,0,1,86400,0.0,0,0.0,0,,0,1,0.0,
303,attack_low_network,known synthetic attack,ML only,True,0,961,85349,90,0.0,0.0,0.0,0.01113428339705712,0.0,,0,1,86400,40.041666666666664,190,7.916666666666667,961,,0,1,0.0,
303,attack_low_network,known synthetic attack,Network only,True,1,0,86310,89,1.0,0.011111111111111112,0.02197802197802198,0.0,1.0,0.0,1,1,86400,0.0,0,0.0,1,0.0,1,1,1.0,0.0
303,attack_low_network,known synthetic attack,Without ML,True,1,0,86310,89,1.0,0.011111111111111112,0.02197802197802198,0.0,1.0,0.0,1,1,86400,0.0,0,0.0,1,0.0,1,1,1.0,0.0
303,attack_low_network,known synthetic attack,Without network,True,0,961,85349,90,0.0,0.0,0.0,0.01113428339705712,0.0,,0,1,86400,40.041666666666664,190,7.916666666666667,961,,0,1,0.0,
303,attack_low_network,known synthetic attack,Without rules,True,1,961,85349,89,0.0010395010395010396,0.011111111111111112,0.0019011406844106464,0.01113428339705712,1.0,0.0,1,1,86400,40.041666666666664,190,7.916666666666667,962,0.0,1,1,1.0,0.0
303,attack_low_network,known synthetic attack,Phase A ML + rolling R2,True,1,2610,83700,89,0.00038299502106472615,0.011111111111111112,0.0007404664938911515,0.03023983315954119,1.0,0.0,1,1,86400,108.75,438,18.25,2611,0.0,1,1,1.0,0.0
303,attack_low_network,known synthetic attack,Phase A ML + authorized network,True,1,2610,83700,89,0.00038299502106472615,0.011111111111111112,0.0007404664938911515,0.03023983315954119,1.0,0.0,1,1,86400,108.75,438,18.25,2611,0.0,1,1,1.0,0.0
303,attack_low_network,known synthetic attack,Phase A.2 ML + legacy rules/network,True,1,961,85349,89,0.0010395010395010396,0.011111111111111112,0.0019011406844106464,0.01113428339705712,1.0,0.0,1,1,86400,40.041666666666664,190,7.916666666666667,962,0.0,1,1,1.0,0.0
303,attack_low_network,known synthetic attack,Historical original hybrid,True,1,5020,81290,89,0.00019916351324437363,0.011111111111111112,0.0003913128546272745,0.05816243772448152,1.0,0.0,1,1,86400,209.16666666666666,631,26.291666666666668,5021,0.0,1,1,1.0,0.0
303,attack_short_thermal,known synthetic attack,Phase A hybrid,True,15,2610,83775,0,0.005714285714285714,1.0,0.011363636363636364,0.030213578746310123,1.0,0.0,1,1,86400,108.75,438,18.25,2629,0.0,1,1,1.0,0.0
303,attack_short_thermal,known synthetic attack,Phase A ML,True,4,2610,83775,11,0.001530221882172915,0.26666666666666666,0.0030429821224800305,0.030213578746310123,1.0,3.0,1,1,86400,108.75,438,18.25,2614,3.0,1,1,1.0,3.0
303,attack_short_thermal,known synthetic attack,Phase A.2 hybrid,True,15,961,85424,0,0.015368852459016393,1.0,0.030272452068617558,0.011124616542223766,1.0,0.0,1,1,86400,40.041666666666664,190,7.916666666666667,978,0.0,1,1,1.0,0.0
303,attack_short_thermal,known synthetic attack,Rules only,True,15,0,86385,0,1.0,1.0,1.0,0.0,1.0,0.0,1,1,86400,0.0,0,0.0,15,0.0,1,1,1.0,0.0
303,attack_short_thermal,known synthetic attack,ML only,True,2,961,85424,13,0.0020768431983385254,0.13333333333333333,0.00408997955010225,0.011124616542223766,1.0,7.0,1,1,86400,40.041666666666664,190,7.916666666666667,963,7.0,1,1,1.0,7.0
303,attack_short_thermal,known synthetic attack,Network only,True,0,0,86385,15,,0.0,0.0,0.0,0.0,,0,1,86400,0.0,0,0.0,0,,0,1,0.0,
303,attack_short_thermal,known synthetic attack,Without ML,True,15,0,86385,0,1.0,1.0,1.0,0.0,1.0,0.0,1,1,86400,0.0,0,0.0,15,0.0,1,1,1.0,0.0
303,attack_short_thermal,known synthetic attack,Without network,True,15,961,85424,0,0.015368852459016393,1.0,0.030272452068617558,0.011124616542223766,1.0,0.0,1,1,86400,40.041666666666664,190,7.916666666666667,978,0.0,1,1,1.0,0.0
303,attack_short_thermal,known synthetic attack,Without rules,True,2,961,85424,13,0.0020768431983385254,0.13333333333333333,0.00408997955010225,0.011124616542223766,1.0,7.0,1,1,86400,40.041666666666664,190,7.916666666666667,963,7.0,1,1,1.0,7.0
303,attack_short_thermal,known synthetic attack,Phase A ML + rolling R2,True,15,2610,83775,0,0.005714285714285714,1.0,0.011363636363636364,0.030213578746310123,1.0,0.0,1,1,86400,108.75,438,18.25,2629,0.0,1,1,1.0,0.0
303,attack_short_thermal,known synthetic attack,Phase A ML + authorized network,True,15,2610,83775,0,0.005714285714285714,1.0,0.011363636363636364,0.030213578746310123,1.0,0.0,1,1,86400,108.75,438,18.25,2629,0.0,1,1,1.0,0.0
303,attack_short_thermal,known synthetic attack,Phase A.2 ML + legacy rules/network,True,15,961,85424,0,0.015368852459016393,1.0,0.030272452068617558,0.011124616542223766,1.0,0.0,1,1,86400,40.041666666666664,190,7.916666666666667,978,0.0,1,1,1.0,0.0
303,attack_short_thermal,known synthetic attack,Historical original hybrid,True,15,5020,81365,0,0.0029791459781529296,1.0,0.005940594059405941,0.05811194073045089,1.0,0.0,1,1,86400,209.16666666666666,631,26.291666666666668,5040,0.0,1,1,1.0,0.0
303,attack_reordered,known synthetic attack,Phase A hybrid,True,105,2610,83685,0,0.03867403314917127,1.0,0.07446808510638298,0.03024508951851208,1.0,0.0,2,2,86400,108.75,438,18.25,2720,0.0,3,3,1.0,0.0
303,attack_reordered,known synthetic attack,Phase A ML,True,4,2610,83685,101,0.001530221882172915,0.0380952380952381,0.002942258183155572,0.03024508951851208,0.5,3.0,1,2,86400,108.75,438,18.25,2614,3.0,1,3,0.3333333333333333,3.0
303,attack_reordered,known synthetic attack,Phase A.2 hybrid,True,105,961,85334,0,0.09849906191369606,1.0,0.17933390264731,0.011136218784402342,1.0,0.0,2,2,86400,40.041666666666664,190,7.916666666666667,1069,0.0,3,3,1.0,0.0
303,attack_reordered,known synthetic attack,Rules only,True,16,0,86295,89,1.0,0.1523809523809524,0.2644628099173554,0.0,1.0,15.0,2,2,86400,0.0,0,0.0,16,15.0,2,3,0.6666666666666666,0.0
303,attack_reordered,known synthetic attack,ML only,True,2,961,85334,103,0.0020768431983385254,0.01904761904761905,0.003745318352059925,0.011136218784402342,0.5,7.0,1,2,86400,40.041666666666664,190,7.916666666666667,963,7.0,1,3,0.3333333333333333,7.0
303,attack_reordered,known synthetic attack,Network only,True,90,0,86295,15,1.0,0.8571428571428571,0.9230769230769231,0.0,0.5,0.0,1,2,86400,0.0,0,0.0,90,0.0,1,3,0.3333333333333333,0.0
303,attack_reordered,known synthetic attack,Without ML,True,105,0,86295,0,1.0,1.0,1.0,0.0,1.0,0.0,2,2,86400,0.0,0,0.0,106,0.0,3,3,1.0,0.0
303,attack_reordered,known synthetic attack,Without network,True,16,961,85334,89,0.016376663254861822,0.1523809523809524,0.029574861367837338,0.011136218784402342,1.0,15.0,2,2,86400,40.041666666666664,190,7.916666666666667,979,15.0,2,3,0.6666666666666666,0.0
303,attack_reordered,known synthetic attack,Without rules,True,92,961,85334,13,0.08736942070275404,0.8761904761904762,0.15889464594127806,0.011136218784402342,1.0,3.5,2,2,86400,40.041666666666664,190,7.916666666666667,1053,3.5,2,3,0.6666666666666666,3.5
303,attack_reordered,known synthetic attack,Phase A ML + rolling R2,True,105,2610,83685,0,0.03867403314917127,1.0,0.07446808510638298,0.03024508951851208,1.0,0.0,2,2,86400,108.75,438,18.25,2720,0.0,3,3,1.0,0.0
303,attack_reordered,known synthetic attack,Phase A ML + authorized network,True,105,2610,83685,0,0.03867403314917127,1.0,0.07446808510638298,0.03024508951851208,1.0,0.0,2,2,86400,108.75,438,18.25,2720,0.0,3,3,1.0,0.0
303,attack_reordered,known synthetic attack,Phase A.2 ML + legacy rules/network,True,105,961,85334,0,0.09849906191369606,1.0,0.17933390264731,0.011136218784402342,1.0,0.0,2,2,86400,40.041666666666664,190,7.916666666666667,1069,0.0,3,3,1.0,0.0
303,attack_reordered,known synthetic attack,Historical original hybrid,True,105,5020,81275,0,0.02048780487804878,1.0,0.040152963671128104,0.058172547656295266,1.0,0.0,2,2,86400,209.16666666666666,631,26.291666666666668,5130,0.0,2,3,0.6666666666666666,0.0
601,E1,nominal,Phase A hybrid,True,0,2536,83864,0,0.0,,0.0,0.02935185185185185,,,0,0,86400,105.66666666666667,461,19.208333333333332,2536,,0,0,,
601,E1,nominal,Phase A ML,True,0,2536,83864,0,0.0,,0.0,0.02935185185185185,,,0,0,86400,105.66666666666667,461,19.208333333333332,2536,,0,0,,
601,E1,nominal,Phase A.2 hybrid,True,0,856,85544,0,0.0,,0.0,0.009907407407407408,,,0,0,86400,35.666666666666664,198,8.25,856,,0,0,,
601,E1,nominal,Rules only,True,0,0,86400,0,,,,0.0,,,0,0,86400,0.0,0,0.0,0,,0,0,,
601,E1,nominal,ML only,True,0,856,85544,0,0.0,,0.0,0.009907407407407408,,,0,0,86400,35.666666666666664,198,8.25,856,,0,0,,
601,E1,nominal,Network only,True,0,0,86400,0,,,,0.0,,,0,0,86400,0.0,0,0.0,0,,0,0,,
601,E1,nominal,Without ML,True,0,0,86400,0,,,,0.0,,,0,0,86400,0.0,0,0.0,0,,0,0,,
601,E1,nominal,Without network,True,0,856,85544,0,0.0,,0.0,0.009907407407407408,,,0,0,86400,35.666666666666664,198,8.25,856,,0,0,,
601,E1,nominal,Without rules,True,0,856,85544,0,0.0,,0.0,0.009907407407407408,,,0,0,86400,35.666666666666664,198,8.25,856,,0,0,,
601,E1,nominal,Phase A ML + rolling R2,True,0,2536,83864,0,0.0,,0.0,0.02935185185185185,,,0,0,86400,105.66666666666667,461,19.208333333333332,2536,,0,0,,
601,E1,nominal,Phase A ML + authorized network,True,0,2536,83864,0,0.0,,0.0,0.02935185185185185,,,0,0,86400,105.66666666666667,461,19.208333333333332,2536,,0,0,,
601,E1,nominal,Phase A.2 ML + legacy rules/network,True,0,856,85544,0,0.0,,0.0,0.009907407407407408,,,0,0,86400,35.666666666666664,198,8.25,856,,0,0,,
601,E7,known synthetic attack,Phase A hybrid,True,117,2536,83747,0,0.044101017715793445,1.0,0.08447653429602887,0.02939165304868862,1.0,0.0,2,2,86400,105.66666666666667,461,19.208333333333332,2770,0.0,6,6,1.0,1.6666666666666667
601,E7,known synthetic attack,Phase A ML,True,53,2536,83747,64,0.020471224410969487,0.452991452991453,0.03917220990391722,0.02939165304868862,0.5,60.0,1,2,86400,105.66666666666667,461,19.208333333333332,2589,60.0,1,6,0.16666666666666666,5.0
601,E7,known synthetic attack,Phase A.2 hybrid,True,117,856,85427,0,0.12024665981500514,1.0,0.21467889908256882,0.00992084188078764,1.0,0.0,2,2,86400,35.666666666666664,198,8.25,1042,0.0,6,6,1.0,1.6666666666666667
601,E7,known synthetic attack,Rules only,True,63,0,86283,54,1.0,0.5384615384615384,0.7,0.0,1.0,20.5,2,2,86400,0.0,0,0.0,63,20.5,3,6,0.5,3.3333333333333335
601,E7,known synthetic attack,ML only,True,5,856,85427,112,0.005807200929152149,0.042735042735042736,0.010224948875255624,0.00992084188078764,0.5,78.0,1,2,86400,35.666666666666664,198,8.25,861,78.0,1,6,0.16666666666666666,23.0
601,E7,known synthetic attack,Network only,True,116,0,86283,1,1.0,0.9914529914529915,0.9957081545064378,0.0,0.5,0.0,1,2,86400,0.0,0,0.0,116,0.0,1,6,0.16666666666666666,0.0
601,E7,known synthetic attack,Without ML,True,117,0,86283,0,1.0,1.0,1.0,0.0,1.0,0.0,2,2,86400,0.0,0,0.0,181,0.0,6,6,1.0,1.6666666666666667
601,E7,known synthetic attack,Without network,True,63,856,85427,54,0.06855277475516866,0.5384615384615384,0.12162162162162163,0.00992084188078764,1.0,20.5,2,2,86400,35.666666666666664,198,8.25,926,20.5,5,6,0.8333333333333334,2.0
601,E7,known synthetic attack,Without rules,True,116,856,85427,1,0.11934156378600823,0.9914529914529915,0.2130394857667585,0.00992084188078764,0.5,0.0,1,2,86400,35.666666666666664,198,8.25,979,0.0,4,6,0.6666666666666666,5.75
601,E7,known synthetic attack,Phase A ML + rolling R2,True,117,2536,83747,0,0.044101017715793445,1.0,0.08447653429602887,0.02939165304868862,1.0,0.0,2,2,86400,105.66666666666667,461,19.208333333333332,2770,0.0,6,6,1.0,1.6666666666666667
601,E7,known synthetic attack,Phase A ML + authorized network,True,117,2536,83747,0,0.044101017715793445,1.0,0.08447653429602887,0.02939165304868862,1.0,0.0,2,2,86400,105.66666666666667,461,19.208333333333332,2770,0.0,6,6,1.0,1.6666666666666667
601,E7,known synthetic attack,Phase A.2 ML + legacy rules/network,True,117,856,85427,0,0.12024665981500514,1.0,0.21467889908256882,0.00992084188078764,1.0,0.0,2,2,86400,35.666666666666664,198,8.25,1042,0.0,6,6,1.0,1.6666666666666667
601,nominal_thermal_regime,nominal,Phase A hybrid,True,0,3340,83060,0,0.0,,0.0,0.038657407407407404,,,0,0,86400,139.16666666666666,436,18.166666666666668,3340,,0,0,,
601,nominal_thermal_regime,nominal,Phase A ML,True,0,3340,83060,0,0.0,,0.0,0.038657407407407404,,,0,0,86400,139.16666666666666,436,18.166666666666668,3340,,0,0,,
601,nominal_thermal_regime,nominal,Phase A.2 hybrid,True,0,1305,85095,0,0.0,,0.0,0.015104166666666667,,,0,0,86400,54.375,269,11.208333333333334,1305,,0,0,,
601,nominal_thermal_regime,nominal,Rules only,True,0,0,86400,0,,,,0.0,,,0,0,86400,0.0,0,0.0,0,,0,0,,
601,nominal_thermal_regime,nominal,ML only,True,0,1305,85095,0,0.0,,0.0,0.015104166666666667,,,0,0,86400,54.375,269,11.208333333333334,1305,,0,0,,
601,nominal_thermal_regime,nominal,Network only,True,0,0,86400,0,,,,0.0,,,0,0,86400,0.0,0,0.0,0,,0,0,,
601,nominal_thermal_regime,nominal,Without ML,True,0,0,86400,0,,,,0.0,,,0,0,86400,0.0,0,0.0,0,,0,0,,
601,nominal_thermal_regime,nominal,Without network,True,0,1305,85095,0,0.0,,0.0,0.015104166666666667,,,0,0,86400,54.375,269,11.208333333333334,1305,,0,0,,
601,nominal_thermal_regime,nominal,Without rules,True,0,1305,85095,0,0.0,,0.0,0.015104166666666667,,,0,0,86400,54.375,269,11.208333333333334,1305,,0,0,,
601,nominal_thermal_regime,nominal,Phase A ML + rolling R2,True,0,3340,83060,0,0.0,,0.0,0.038657407407407404,,,0,0,86400,139.16666666666666,436,18.166666666666668,3340,,0,0,,
601,nominal_thermal_regime,nominal,Phase A ML + authorized network,True,0,3340,83060,0,0.0,,0.0,0.038657407407407404,,,0,0,86400,139.16666666666666,436,18.166666666666668,3340,,0,0,,
601,nominal_thermal_regime,nominal,Phase A.2 ML + legacy rules/network,True,0,1305,85095,0,0.0,,0.0,0.015104166666666667,,,0,0,86400,54.375,269,11.208333333333334,1305,,0,0,,
601,nominal_power_regime,nominal,Phase A hybrid,True,0,3715,82685,0,0.0,,0.0,0.04299768518518519,,,0,0,86400,154.79166666666666,493,20.541666666666668,3715,,0,0,,
601,nominal_power_regime,nominal,Phase A ML,True,0,3715,82685,0,0.0,,0.0,0.04299768518518519,,,0,0,86400,154.79166666666666,493,20.541666666666668,3715,,0,0,,
601,nominal_power_regime,nominal,Phase A.2 hybrid,True,0,1258,85142,0,0.0,,0.0,0.014560185185185185,,,0,0,86400,52.416666666666664,285,11.875,1258,,0,0,,
601,nominal_power_regime,nominal,Rules only,True,0,0,86400,0,,,,0.0,,,0,0,86400,0.0,0,0.0,0,,0,0,,
601,nominal_power_regime,nominal,ML only,True,0,1258,85142,0,0.0,,0.0,0.014560185185185185,,,0,0,86400,52.416666666666664,285,11.875,1258,,0,0,,
601,nominal_power_regime,nominal,Network only,True,0,0,86400,0,,,,0.0,,,0,0,86400,0.0,0,0.0,0,,0,0,,
601,nominal_power_regime,nominal,Without ML,True,0,0,86400,0,,,,0.0,,,0,0,86400,0.0,0,0.0,0,,0,0,,
601,nominal_power_regime,nominal,Without network,True,0,1258,85142,0,0.0,,0.0,0.014560185185185185,,,0,0,86400,52.416666666666664,285,11.875,1258,,0,0,,
601,nominal_power_regime,nominal,Without rules,True,0,1258,85142,0,0.0,,0.0,0.014560185185185185,,,0,0,86400,52.416666666666664,285,11.875,1258,,0,0,,
601,nominal_power_regime,nominal,Phase A ML + rolling R2,True,0,3715,82685,0,0.0,,0.0,0.04299768518518519,,,0,0,86400,154.79166666666666,493,20.541666666666668,3715,,0,0,,
601,nominal_power_regime,nominal,Phase A ML + authorized network,True,0,3715,82685,0,0.0,,0.0,0.04299768518518519,,,0,0,86400,154.79166666666666,493,20.541666666666668,3715,,0,0,,
601,nominal_power_regime,nominal,Phase A.2 ML + legacy rules/network,True,0,1258,85142,0,0.0,,0.0,0.014560185185185185,,,0,0,86400,52.416666666666664,285,11.875,1258,,0,0,,
601,operational_thermal_drift,operational anomaly (not cyberattack),Phase A hybrid,True,0,2536,83264,600,0.0,0.0,0.0,0.029557109557109558,0.0,,0,1,86400,105.66666666666667,461,19.208333333333332,2536,,0,1,0.0,
601,operational_thermal_drift,operational anomaly (not cyberattack),Phase A ML,True,0,2536,83264,600,0.0,0.0,0.0,0.029557109557109558,0.0,,0,1,86400,105.66666666666667,461,19.208333333333332,2536,,0,1,0.0,
601,operational_thermal_drift,operational anomaly (not cyberattack),Phase A.2 hybrid,True,0,856,84944,600,0.0,0.0,0.0,0.009976689976689978,0.0,,0,1,86400,35.666666666666664,198,8.25,856,,0,1,0.0,
601,operational_thermal_drift,operational anomaly (not cyberattack),Rules only,True,0,0,85800,600,,0.0,0.0,0.0,0.0,,0,1,86400,0.0,0,0.0,0,,0,1,0.0,
601,operational_thermal_drift,operational anomaly (not cyberattack),ML only,True,0,856,84944,600,0.0,0.0,0.0,0.009976689976689978,0.0,,0,1,86400,35.666666666666664,198,8.25,856,,0,1,0.0,
601,operational_thermal_drift,operational anomaly (not cyberattack),Network only,True,0,0,85800,600,,0.0,0.0,0.0,0.0,,0,1,86400,0.0,0,0.0,0,,0,1,0.0,
601,operational_thermal_drift,operational anomaly (not cyberattack),Without ML,True,0,0,85800,600,,0.0,0.0,0.0,0.0,,0,1,86400,0.0,0,0.0,0,,0,1,0.0,
601,operational_thermal_drift,operational anomaly (not cyberattack),Without network,True,0,856,84944,600,0.0,0.0,0.0,0.009976689976689978,0.0,,0,1,86400,35.666666666666664,198,8.25,856,,0,1,0.0,
601,operational_thermal_drift,operational anomaly (not cyberattack),Without rules,True,0,856,84944,600,0.0,0.0,0.0,0.009976689976689978,0.0,,0,1,86400,35.666666666666664,198,8.25,856,,0,1,0.0,
601,operational_thermal_drift,operational anomaly (not cyberattack),Phase A ML + rolling R2,True,0,2536,83264,600,0.0,0.0,0.0,0.029557109557109558,0.0,,0,1,86400,105.66666666666667,461,19.208333333333332,2536,,0,1,0.0,
601,operational_thermal_drift,operational anomaly (not cyberattack),Phase A ML + authorized network,True,0,2536,83264,600,0.0,0.0,0.0,0.029557109557109558,0.0,,0,1,86400,105.66666666666667,461,19.208333333333332,2536,,0,1,0.0,
601,operational_thermal_drift,operational anomaly (not cyberattack),Phase A.2 ML + legacy rules/network,True,0,856,84944,600,0.0,0.0,0.0,0.009976689976689978,0.0,,0,1,86400,35.666666666666664,198,8.25,856,,0,1,0.0,
601,operational_power_relationship,operational anomaly (not cyberattack),Phase A hybrid,True,11,2536,83264,589,0.0043188064389477815,0.018333333333333333,0.0069907848744836356,0.029557109557109558,1.0,1.0,1,1,86400,105.66666666666667,461,19.208333333333332,2547,1.0,1,1,1.0,1.0
601,operational_power_relationship,operational anomaly (not cyberattack),Phase A ML,True,11,2536,83264,589,0.0043188064389477815,0.018333333333333333,0.0069907848744836356,0.029557109557109558,1.0,1.0,1,1,86400,105.66666666666667,461,19.208333333333332,2547,1.0,1,1,1.0,1.0
601,operational_power_relationship,operational anomaly (not cyberattack),Phase A.2 hybrid,True,2,856,84944,598,0.002331002331002331,0.0033333333333333335,0.0027434842249657062,0.009976689976689978,1.0,10.0,1,1,86400,35.666666666666664,198,8.25,858,10.0,1,1,1.0,10.0
601,operational_power_relationship,operational anomaly (not cyberattack),Rules only,True,0,0,85800,600,,0.0,0.0,0.0,0.0,,0,1,86400,0.0,0,0.0,0,,0,1,0.0,
601,operational_power_relationship,operational anomaly (not cyberattack),ML only,True,2,856,84944,598,0.002331002331002331,0.0033333333333333335,0.0027434842249657062,0.009976689976689978,1.0,10.0,1,1,86400,35.666666666666664,198,8.25,858,10.0,1,1,1.0,10.0
601,operational_power_relationship,operational anomaly (not cyberattack),Network only,True,0,0,85800,600,,0.0,0.0,0.0,0.0,,0,1,86400,0.0,0,0.0,0,,0,1,0.0,
601,operational_power_relationship,operational anomaly (not cyberattack),Without ML,True,0,0,85800,600,,0.0,0.0,0.0,0.0,,0,1,86400,0.0,0,0.0,0,,0,1,0.0,
601,operational_power_relationship,operational anomaly (not cyberattack),Without network,True,2,856,84944,598,0.002331002331002331,0.0033333333333333335,0.0027434842249657062,0.009976689976689978,1.0,10.0,1,1,86400,35.666666666666664,198,8.25,858,10.0,1,1,1.0,10.0
601,operational_power_relationship,operational anomaly (not cyberattack),Without rules,True,2,856,84944,598,0.002331002331002331,0.0033333333333333335,0.0027434842249657062,0.009976689976689978,1.0,10.0,1,1,86400,35.666666666666664,198,8.25,858,10.0,1,1,1.0,10.0
601,operational_power_relationship,operational anomaly (not cyberattack),Phase A ML + rolling R2,True,11,2536,83264,589,0.0043188064389477815,0.018333333333333333,0.0069907848744836356,0.029557109557109558,1.0,1.0,1,1,86400,105.66666666666667,461,19.208333333333332,2547,1.0,1,1,1.0,1.0
601,operational_power_relationship,operational anomaly (not cyberattack),Phase A ML + authorized network,True,11,2536,83264,589,0.0043188064389477815,0.018333333333333333,0.0069907848744836356,0.029557109557109558,1.0,1.0,1,1,86400,105.66666666666667,461,19.208333333333332,2547,1.0,1,1,1.0,1.0
601,operational_power_relationship,operational anomaly (not cyberattack),Phase A.2 ML + legacy rules/network,True,2,856,84944,598,0.002331002331002331,0.0033333333333333335,0.0027434842249657062,0.009976689976689978,1.0,10.0,1,1,86400,35.666666666666664,198,8.25,858,10.0,1,1,1.0,10.0
601,operational_voltage_relationship,operational anomaly (not cyberattack),Phase A hybrid,True,5,2536,83264,595,0.0019677292404565133,0.008333333333333333,0.003183699458771092,0.029557109557109558,1.0,4.0,1,1,86400,105.66666666666667,461,19.208333333333332,2541,4.0,1,1,1.0,4.0
601,operational_voltage_relationship,operational anomaly (not cyberattack),Phase A ML,True,5,2536,83264,595,0.0019677292404565133,0.008333333333333333,0.003183699458771092,0.029557109557109558,1.0,4.0,1,1,86400,105.66666666666667,461,19.208333333333332,2541,4.0,1,1,1.0,4.0
601,operational_voltage_relationship,operational anomaly (not cyberattack),Phase A.2 hybrid,True,0,856,84944,600,0.0,0.0,0.0,0.009976689976689978,0.0,,0,1,86400,35.666666666666664,198,8.25,856,,0,1,0.0,
601,operational_voltage_relationship,operational anomaly (not cyberattack),Rules only,True,0,0,85800,600,,0.0,0.0,0.0,0.0,,0,1,86400,0.0,0,0.0,0,,0,1,0.0,
601,operational_voltage_relationship,operational anomaly (not cyberattack),ML only,True,0,856,84944,600,0.0,0.0,0.0,0.009976689976689978,0.0,,0,1,86400,35.666666666666664,198,8.25,856,,0,1,0.0,
601,operational_voltage_relationship,operational anomaly (not cyberattack),Network only,True,0,0,85800,600,,0.0,0.0,0.0,0.0,,0,1,86400,0.0,0,0.0,0,,0,1,0.0,
601,operational_voltage_relationship,operational anomaly (not cyberattack),Without ML,True,0,0,85800,600,,0.0,0.0,0.0,0.0,,0,1,86400,0.0,0,0.0,0,,0,1,0.0,
601,operational_voltage_relationship,operational anomaly (not cyberattack),Without network,True,0,856,84944,600,0.0,0.0,0.0,0.009976689976689978,0.0,,0,1,86400,35.666666666666664,198,8.25,856,,0,1,0.0,
601,operational_voltage_relationship,operational anomaly (not cyberattack),Without rules,True,0,856,84944,600,0.0,0.0,0.0,0.009976689976689978,0.0,,0,1,86400,35.666666666666664,198,8.25,856,,0,1,0.0,
601,operational_voltage_relationship,operational anomaly (not cyberattack),Phase A ML + rolling R2,True,5,2536,83264,595,0.0019677292404565133,0.008333333333333333,0.003183699458771092,0.029557109557109558,1.0,4.0,1,1,86400,105.66666666666667,461,19.208333333333332,2541,4.0,1,1,1.0,4.0
601,operational_voltage_relationship,operational anomaly (not cyberattack),Phase A ML + authorized network,True,5,2536,83264,595,0.0019677292404565133,0.008333333333333333,0.003183699458771092,0.029557109557109558,1.0,4.0,1,1,86400,105.66666666666667,461,19.208333333333332,2541,4.0,1,1,1.0,4.0
601,operational_voltage_relationship,operational anomaly (not cyberattack),Phase A.2 ML + legacy rules/network,True,0,856,84944,600,0.0,0.0,0.0,0.009976689976689978,0.0,,0,1,86400,35.666666666666664,198,8.25,856,,0,1,0.0,
602,E1,nominal,Phase A hybrid,True,0,2448,83952,0,0.0,,0.0,0.028333333333333332,,,0,0,86400,102.0,401,16.708333333333332,2448,,0,0,,
602,E1,nominal,Phase A ML,True,0,2448,83952,0,0.0,,0.0,0.028333333333333332,,,0,0,86400,102.0,401,16.708333333333332,2448,,0,0,,
602,E1,nominal,Phase A.2 hybrid,True,0,919,85481,0,0.0,,0.0,0.010636574074074074,,,0,0,86400,38.291666666666664,189,7.875,919,,0,0,,
602,E1,nominal,Rules only,True,0,0,86400,0,,,,0.0,,,0,0,86400,0.0,0,0.0,0,,0,0,,
602,E1,nominal,ML only,True,0,919,85481,0,0.0,,0.0,0.010636574074074074,,,0,0,86400,38.291666666666664,189,7.875,919,,0,0,,
602,E1,nominal,Network only,True,0,0,86400,0,,,,0.0,,,0,0,86400,0.0,0,0.0,0,,0,0,,
602,E1,nominal,Without ML,True,0,0,86400,0,,,,0.0,,,0,0,86400,0.0,0,0.0,0,,0,0,,
602,E1,nominal,Without network,True,0,919,85481,0,0.0,,0.0,0.010636574074074074,,,0,0,86400,38.291666666666664,189,7.875,919,,0,0,,
602,E1,nominal,Without rules,True,0,919,85481,0,0.0,,0.0,0.010636574074074074,,,0,0,86400,38.291666666666664,189,7.875,919,,0,0,,
602,E1,nominal,Phase A ML + rolling R2,True,0,2448,83952,0,0.0,,0.0,0.028333333333333332,,,0,0,86400,102.0,401,16.708333333333332,2448,,0,0,,
602,E1,nominal,Phase A ML + authorized network,True,0,2448,83952,0,0.0,,0.0,0.028333333333333332,,,0,0,86400,102.0,401,16.708333333333332,2448,,0,0,,
602,E1,nominal,Phase A.2 ML + legacy rules/network,True,0,919,85481,0,0.0,,0.0,0.010636574074074074,,,0,0,86400,38.291666666666664,189,7.875,919,,0,0,,
602,E7,known synthetic attack,Phase A hybrid,True,117,2448,83835,0,0.0456140350877193,1.0,0.087248322147651,0.02837175341608428,1.0,0.0,2,2,86400,102.0,401,16.708333333333332,2685,0.0,6,6,1.0,1.6666666666666667
602,E7,known synthetic attack,Phase A ML,True,56,2448,83835,61,0.022364217252396165,0.47863247863247865,0.042731781762686,0.02837175341608428,0.5,57.0,1,2,86400,102.0,401,16.708333333333332,2504,57.0,1,6,0.16666666666666666,2.0
602,E7,known synthetic attack,Phase A.2 hybrid,True,117,919,85364,0,0.11293436293436293,1.0,0.20294882914137033,0.010650997299583928,1.0,0.0,2,2,86400,38.291666666666664,189,7.875,1121,0.0,6,6,1.0,1.6666666666666667
602,E7,known synthetic attack,Rules only,True,63,0,86283,54,1.0,0.5384615384615384,0.7,0.0,1.0,20.5,2,2,86400,0.0,0,0.0,63,20.5,3,6,0.5,3.3333333333333335
602,E7,known synthetic attack,ML only,True,21,919,85364,96,0.022340425531914895,0.1794871794871795,0.039735099337748346,0.010650997299583928,0.5,81.0,1,2,86400,38.291666666666664,189,7.875,940,81.0,1,6,0.16666666666666666,26.0
602,E7,known synthetic attack,Network only,True,116,0,86283,1,1.0,0.9914529914529915,0.9957081545064378,0.0,0.5,0.0,1,2,86400,0.0,0,0.0,116,0.0,1,6,0.16666666666666666,0.0
602,E7,known synthetic attack,Without ML,True,117,0,86283,0,1.0,1.0,1.0,0.0,1.0,0.0,2,2,86400,0.0,0,0.0,181,0.0,6,6,1.0,1.6666666666666667
602,E7,known synthetic attack,Without network,True,63,919,85364,54,0.06415478615071284,0.5384615384615384,0.11464968152866242,0.010650997299583928,1.0,20.5,2,2,86400,38.291666666666664,189,7.875,1005,20.5,5,6,0.8333333333333334,2.0
602,E7,known synthetic attack,Without rules,True,116,919,85364,1,0.11207729468599034,0.9914529914529915,0.2013888888888889,0.010650997299583928,0.5,0.0,1,2,86400,38.291666666666664,189,7.875,1058,0.0,4,6,0.6666666666666666,6.5
602,E7,known synthetic attack,Phase A ML + rolling R2,True,117,2448,83835,0,0.0456140350877193,1.0,0.087248322147651,0.02837175341608428,1.0,0.0,2,2,86400,102.0,401,16.708333333333332,2685,0.0,6,6,1.0,1.6666666666666667
602,E7,known synthetic attack,Phase A ML + authorized network,True,117,2448,83835,0,0.0456140350877193,1.0,0.087248322147651,0.02837175341608428,1.0,0.0,2,2,86400,102.0,401,16.708333333333332,2685,0.0,6,6,1.0,1.6666666666666667
602,E7,known synthetic attack,Phase A.2 ML + legacy rules/network,True,117,919,85364,0,0.11293436293436293,1.0,0.20294882914137033,0.010650997299583928,1.0,0.0,2,2,86400,38.291666666666664,189,7.875,1121,0.0,6,6,1.0,1.6666666666666667
602,nominal_thermal_regime,nominal,Phase A hybrid,True,0,3180,83220,0,0.0,,0.0,0.03680555555555556,,,0,0,86400,132.5,444,18.5,3180,,0,0,,
602,nominal_thermal_regime,nominal,Phase A ML,True,0,3180,83220,0,0.0,,0.0,0.03680555555555556,,,0,0,86400,132.5,444,18.5,3180,,0,0,,
602,nominal_thermal_regime,nominal,Phase A.2 hybrid,True,0,1388,85012,0,0.0,,0.0,0.016064814814814816,,,0,0,86400,57.833333333333336,281,11.708333333333334,1388,,0,0,,
602,nominal_thermal_regime,nominal,Rules only,True,0,0,86400,0,,,,0.0,,,0,0,86400,0.0,0,0.0,0,,0,0,,
602,nominal_thermal_regime,nominal,ML only,True,0,1388,85012,0,0.0,,0.0,0.016064814814814816,,,0,0,86400,57.833333333333336,281,11.708333333333334,1388,,0,0,,
602,nominal_thermal_regime,nominal,Network only,True,0,0,86400,0,,,,0.0,,,0,0,86400,0.0,0,0.0,0,,0,0,,
602,nominal_thermal_regime,nominal,Without ML,True,0,0,86400,0,,,,0.0,,,0,0,86400,0.0,0,0.0,0,,0,0,,
602,nominal_thermal_regime,nominal,Without network,True,0,1388,85012,0,0.0,,0.0,0.016064814814814816,,,0,0,86400,57.833333333333336,281,11.708333333333334,1388,,0,0,,
602,nominal_thermal_regime,nominal,Without rules,True,0,1388,85012,0,0.0,,0.0,0.016064814814814816,,,0,0,86400,57.833333333333336,281,11.708333333333334,1388,,0,0,,
602,nominal_thermal_regime,nominal,Phase A ML + rolling R2,True,0,3180,83220,0,0.0,,0.0,0.03680555555555556,,,0,0,86400,132.5,444,18.5,3180,,0,0,,
602,nominal_thermal_regime,nominal,Phase A ML + authorized network,True,0,3180,83220,0,0.0,,0.0,0.03680555555555556,,,0,0,86400,132.5,444,18.5,3180,,0,0,,
602,nominal_thermal_regime,nominal,Phase A.2 ML + legacy rules/network,True,0,1388,85012,0,0.0,,0.0,0.016064814814814816,,,0,0,86400,57.833333333333336,281,11.708333333333334,1388,,0,0,,
602,nominal_power_regime,nominal,Phase A hybrid,True,0,3742,82658,0,0.0,,0.0,0.04331018518518519,,,0,0,86400,155.91666666666666,500,20.833333333333332,3742,,0,0,,
602,nominal_power_regime,nominal,Phase A ML,True,0,3742,82658,0,0.0,,0.0,0.04331018518518519,,,0,0,86400,155.91666666666666,500,20.833333333333332,3742,,0,0,,
602,nominal_power_regime,nominal,Phase A.2 hybrid,True,0,1336,85064,0,0.0,,0.0,0.015462962962962963,,,0,0,86400,55.666666666666664,287,11.958333333333334,1336,,0,0,,
602,nominal_power_regime,nominal,Rules only,True,0,0,86400,0,,,,0.0,,,0,0,86400,0.0,0,0.0,0,,0,0,,
602,nominal_power_regime,nominal,ML only,True,0,1336,85064,0,0.0,,0.0,0.015462962962962963,,,0,0,86400,55.666666666666664,287,11.958333333333334,1336,,0,0,,
602,nominal_power_regime,nominal,Network only,True,0,0,86400,0,,,,0.0,,,0,0,86400,0.0,0,0.0,0,,0,0,,
602,nominal_power_regime,nominal,Without ML,True,0,0,86400,0,,,,0.0,,,0,0,86400,0.0,0,0.0,0,,0,0,,
602,nominal_power_regime,nominal,Without network,True,0,1336,85064,0,0.0,,0.0,0.015462962962962963,,,0,0,86400,55.666666666666664,287,11.958333333333334,1336,,0,0,,
602,nominal_power_regime,nominal,Without rules,True,0,1336,85064,0,0.0,,0.0,0.015462962962962963,,,0,0,86400,55.666666666666664,287,11.958333333333334,1336,,0,0,,
602,nominal_power_regime,nominal,Phase A ML + rolling R2,True,0,3742,82658,0,0.0,,0.0,0.04331018518518519,,,0,0,86400,155.91666666666666,500,20.833333333333332,3742,,0,0,,
602,nominal_power_regime,nominal,Phase A ML + authorized network,True,0,3742,82658,0,0.0,,0.0,0.04331018518518519,,,0,0,86400,155.91666666666666,500,20.833333333333332,3742,,0,0,,
602,nominal_power_regime,nominal,Phase A.2 ML + legacy rules/network,True,0,1336,85064,0,0.0,,0.0,0.015462962962962963,,,0,0,86400,55.666666666666664,287,11.958333333333334,1336,,0,0,,
602,operational_thermal_drift,operational anomaly (not cyberattack),Phase A hybrid,True,1,2447,83353,599,0.0004084967320261438,0.0016666666666666668,0.0006561679790026247,0.02851981351981352,1.0,3.0,1,1,86400,101.95833333333333,400,16.666666666666668,2448,3.0,1,1,1.0,3.0
602,operational_thermal_drift,operational anomaly (not cyberattack),Phase A ML,True,1,2447,83353,599,0.0004084967320261438,0.0016666666666666668,0.0006561679790026247,0.02851981351981352,1.0,3.0,1,1,86400,101.95833333333333,400,16.666666666666668,2448,3.0,1,1,1.0,3.0
602,operational_thermal_drift,operational anomaly (not cyberattack),Phase A.2 hybrid,True,0,919,84881,600,0.0,0.0,0.0,0.01071095571095571,0.0,,0,1,86400,38.291666666666664,189,7.875,919,,0,1,0.0,
602,operational_thermal_drift,operational anomaly (not cyberattack),Rules only,True,0,0,85800,600,,0.0,0.0,0.0,0.0,,0,1,86400,0.0,0,0.0,0,,0,1,0.0,
602,operational_thermal_drift,operational anomaly (not cyberattack),ML only,True,0,919,84881,600,0.0,0.0,0.0,0.01071095571095571,0.0,,0,1,86400,38.291666666666664,189,7.875,919,,0,1,0.0,
602,operational_thermal_drift,operational anomaly (not cyberattack),Network only,True,0,0,85800,600,,0.0,0.0,0.0,0.0,,0,1,86400,0.0,0,0.0,0,,0,1,0.0,
602,operational_thermal_drift,operational anomaly (not cyberattack),Without ML,True,0,0,85800,600,,0.0,0.0,0.0,0.0,,0,1,86400,0.0,0,0.0,0,,0,1,0.0,
602,operational_thermal_drift,operational anomaly (not cyberattack),Without network,True,0,919,84881,600,0.0,0.0,0.0,0.01071095571095571,0.0,,0,1,86400,38.291666666666664,189,7.875,919,,0,1,0.0,
602,operational_thermal_drift,operational anomaly (not cyberattack),Without rules,True,0,919,84881,600,0.0,0.0,0.0,0.01071095571095571,0.0,,0,1,86400,38.291666666666664,189,7.875,919,,0,1,0.0,
602,operational_thermal_drift,operational anomaly (not cyberattack),Phase A ML + rolling R2,True,1,2447,83353,599,0.0004084967320261438,0.0016666666666666668,0.0006561679790026247,0.02851981351981352,1.0,3.0,1,1,86400,101.95833333333333,400,16.666666666666668,2448,3.0,1,1,1.0,3.0
602,operational_thermal_drift,operational anomaly (not cyberattack),Phase A ML + authorized network,True,1,2447,83353,599,0.0004084967320261438,0.0016666666666666668,0.0006561679790026247,0.02851981351981352,1.0,3.0,1,1,86400,101.95833333333333,400,16.666666666666668,2448,3.0,1,1,1.0,3.0
602,operational_thermal_drift,operational anomaly (not cyberattack),Phase A.2 ML + legacy rules/network,True,0,919,84881,600,0.0,0.0,0.0,0.01071095571095571,0.0,,0,1,86400,38.291666666666664,189,7.875,919,,0,1,0.0,
602,operational_power_relationship,operational anomaly (not cyberattack),Phase A hybrid,True,13,2447,83353,587,0.005284552845528455,0.021666666666666667,0.00849673202614379,0.02851981351981352,1.0,0.0,1,1,86400,101.95833333333333,400,16.666666666666668,2460,0.0,1,1,1.0,0.0
602,operational_power_relationship,operational anomaly (not cyberattack),Phase A ML,True,13,2447,83353,587,0.005284552845528455,0.021666666666666667,0.00849673202614379,0.02851981351981352,1.0,0.0,1,1,86400,101.95833333333333,400,16.666666666666668,2460,0.0,1,1,1.0,0.0
602,operational_power_relationship,operational anomaly (not cyberattack),Phase A.2 hybrid,True,10,919,84881,590,0.010764262648008612,0.016666666666666666,0.013080444735120994,0.01071095571095571,1.0,0.0,1,1,86400,38.291666666666664,189,7.875,929,0.0,1,1,1.0,0.0
602,operational_power_relationship,operational anomaly (not cyberattack),Rules only,True,0,0,85800,600,,0.0,0.0,0.0,0.0,,0,1,86400,0.0,0,0.0,0,,0,1,0.0,
602,operational_power_relationship,operational anomaly (not cyberattack),ML only,True,10,919,84881,590,0.010764262648008612,0.016666666666666666,0.013080444735120994,0.01071095571095571,1.0,0.0,1,1,86400,38.291666666666664,189,7.875,929,0.0,1,1,1.0,0.0
602,operational_power_relationship,operational anomaly (not cyberattack),Network only,True,0,0,85800,600,,0.0,0.0,0.0,0.0,,0,1,86400,0.0,0,0.0,0,,0,1,0.0,
602,operational_power_relationship,operational anomaly (not cyberattack),Without ML,True,0,0,85800,600,,0.0,0.0,0.0,0.0,,0,1,86400,0.0,0,0.0,0,,0,1,0.0,
602,operational_power_relationship,operational anomaly (not cyberattack),Without network,True,10,919,84881,590,0.010764262648008612,0.016666666666666666,0.013080444735120994,0.01071095571095571,1.0,0.0,1,1,86400,38.291666666666664,189,7.875,929,0.0,1,1,1.0,0.0
602,operational_power_relationship,operational anomaly (not cyberattack),Without rules,True,10,919,84881,590,0.010764262648008612,0.016666666666666666,0.013080444735120994,0.01071095571095571,1.0,0.0,1,1,86400,38.291666666666664,189,7.875,929,0.0,1,1,1.0,0.0
602,operational_power_relationship,operational anomaly (not cyberattack),Phase A ML + rolling R2,True,13,2447,83353,587,0.005284552845528455,0.021666666666666667,0.00849673202614379,0.02851981351981352,1.0,0.0,1,1,86400,101.95833333333333,400,16.666666666666668,2460,0.0,1,1,1.0,0.0
602,operational_power_relationship,operational anomaly (not cyberattack),Phase A ML + authorized network,True,13,2447,83353,587,0.005284552845528455,0.021666666666666667,0.00849673202614379,0.02851981351981352,1.0,0.0,1,1,86400,101.95833333333333,400,16.666666666666668,2460,0.0,1,1,1.0,0.0
602,operational_power_relationship,operational anomaly (not cyberattack),Phase A.2 ML + legacy rules/network,True,10,919,84881,590,0.010764262648008612,0.016666666666666666,0.013080444735120994,0.01071095571095571,1.0,0.0,1,1,86400,38.291666666666664,189,7.875,929,0.0,1,1,1.0,0.0
602,operational_voltage_relationship,operational anomaly (not cyberattack),Phase A hybrid,True,16,2447,83353,584,0.006496142915144133,0.02666666666666667,0.010447273914462945,0.02851981351981352,1.0,0.0,1,1,86400,101.95833333333333,400,16.666666666666668,2463,0.0,1,1,1.0,0.0
602,operational_voltage_relationship,operational anomaly (not cyberattack),Phase A ML,True,16,2447,83353,584,0.006496142915144133,0.02666666666666667,0.010447273914462945,0.02851981351981352,1.0,0.0,1,1,86400,101.95833333333333,400,16.666666666666668,2463,0.0,1,1,1.0,0.0
602,operational_voltage_relationship,operational anomaly (not cyberattack),Phase A.2 hybrid,True,10,919,84881,590,0.010764262648008612,0.016666666666666666,0.013080444735120994,0.01071095571095571,1.0,1.0,1,1,86400,38.291666666666664,189,7.875,929,1.0,1,1,1.0,1.0
602,operational_voltage_relationship,operational anomaly (not cyberattack),Rules only,True,0,0,85800,600,,0.0,0.0,0.0,0.0,,0,1,86400,0.0,0,0.0,0,,0,1,0.0,
602,operational_voltage_relationship,operational anomaly (not cyberattack),ML only,True,10,919,84881,590,0.010764262648008612,0.016666666666666666,0.013080444735120994,0.01071095571095571,1.0,1.0,1,1,86400,38.291666666666664,189,7.875,929,1.0,1,1,1.0,1.0
602,operational_voltage_relationship,operational anomaly (not cyberattack),Network only,True,0,0,85800,600,,0.0,0.0,0.0,0.0,,0,1,86400,0.0,0,0.0,0,,0,1,0.0,
602,operational_voltage_relationship,operational anomaly (not cyberattack),Without ML,True,0,0,85800,600,,0.0,0.0,0.0,0.0,,0,1,86400,0.0,0,0.0,0,,0,1,0.0,
602,operational_voltage_relationship,operational anomaly (not cyberattack),Without network,True,10,919,84881,590,0.010764262648008612,0.016666666666666666,0.013080444735120994,0.01071095571095571,1.0,1.0,1,1,86400,38.291666666666664,189,7.875,929,1.0,1,1,1.0,1.0
602,operational_voltage_relationship,operational anomaly (not cyberattack),Without rules,True,10,919,84881,590,0.010764262648008612,0.016666666666666666,0.013080444735120994,0.01071095571095571,1.0,1.0,1,1,86400,38.291666666666664,189,7.875,929,1.0,1,1,1.0,1.0
602,operational_voltage_relationship,operational anomaly (not cyberattack),Phase A ML + rolling R2,True,16,2447,83353,584,0.006496142915144133,0.02666666666666667,0.010447273914462945,0.02851981351981352,1.0,0.0,1,1,86400,101.95833333333333,400,16.666666666666668,2463,0.0,1,1,1.0,0.0
602,operational_voltage_relationship,operational anomaly (not cyberattack),Phase A ML + authorized network,True,16,2447,83353,584,0.006496142915144133,0.02666666666666667,0.010447273914462945,0.02851981351981352,1.0,0.0,1,1,86400,101.95833333333333,400,16.666666666666668,2463,0.0,1,1,1.0,0.0
602,operational_voltage_relationship,operational anomaly (not cyberattack),Phase A.2 ML + legacy rules/network,True,10,919,84881,590,0.010764262648008612,0.016666666666666666,0.013080444735120994,0.01071095571095571,1.0,1.0,1,1,86400,38.291666666666664,189,7.875,929,1.0,1,1,1.0,1.0
603,E1,nominal,Phase A hybrid,True,0,2414,83986,0,0.0,,0.0,0.027939814814814813,,,0,0,86400,100.58333333333333,396,16.5,2414,,0,0,,
603,E1,nominal,Phase A ML,True,0,2414,83986,0,0.0,,0.0,0.027939814814814813,,,0,0,86400,100.58333333333333,396,16.5,2414,,0,0,,
603,E1,nominal,Phase A.2 hybrid,True,0,937,85463,0,0.0,,0.0,0.010844907407407407,,,0,0,86400,39.041666666666664,167,6.958333333333333,937,,0,0,,
603,E1,nominal,Rules only,True,0,0,86400,0,,,,0.0,,,0,0,86400,0.0,0,0.0,0,,0,0,,
603,E1,nominal,ML only,True,0,937,85463,0,0.0,,0.0,0.010844907407407407,,,0,0,86400,39.041666666666664,167,6.958333333333333,937,,0,0,,
603,E1,nominal,Network only,True,0,0,86400,0,,,,0.0,,,0,0,86400,0.0,0,0.0,0,,0,0,,
603,E1,nominal,Without ML,True,0,0,86400,0,,,,0.0,,,0,0,86400,0.0,0,0.0,0,,0,0,,
603,E1,nominal,Without network,True,0,937,85463,0,0.0,,0.0,0.010844907407407407,,,0,0,86400,39.041666666666664,167,6.958333333333333,937,,0,0,,
603,E1,nominal,Without rules,True,0,937,85463,0,0.0,,0.0,0.010844907407407407,,,0,0,86400,39.041666666666664,167,6.958333333333333,937,,0,0,,
603,E1,nominal,Phase A ML + rolling R2,True,0,2414,83986,0,0.0,,0.0,0.027939814814814813,,,0,0,86400,100.58333333333333,396,16.5,2414,,0,0,,
603,E1,nominal,Phase A ML + authorized network,True,0,2414,83986,0,0.0,,0.0,0.027939814814814813,,,0,0,86400,100.58333333333333,396,16.5,2414,,0,0,,
603,E1,nominal,Phase A.2 ML + legacy rules/network,True,0,937,85463,0,0.0,,0.0,0.010844907407407407,,,0,0,86400,39.041666666666664,167,6.958333333333333,937,,0,0,,
603,E7,known synthetic attack,Phase A hybrid,True,117,2414,83869,0,0.04622678783089688,1.0,0.08836858006042296,0.027977701285305332,1.0,0.0,2,2,86400,100.58333333333333,396,16.5,2647,0.0,6,6,1.0,1.6666666666666667
603,E7,known synthetic attack,Phase A ML,True,52,2414,83869,65,0.021086780210867802,0.4444444444444444,0.0402632597754549,0.027977701285305332,0.5,64.0,1,2,86400,100.58333333333333,396,16.5,2466,64.0,1,6,0.16666666666666666,9.0
603,E7,known synthetic attack,Phase A.2 hybrid,True,117,937,85346,0,0.1110056925996205,1.0,0.19982920580700256,0.010859613133525724,1.0,0.0,2,2,86400,39.041666666666664,167,6.958333333333333,1144,0.0,6,6,1.0,1.6666666666666667
603,E7,known synthetic attack,Rules only,True,63,0,86283,54,1.0,0.5384615384615384,0.7,0.0,1.0,20.5,2,2,86400,0.0,0,0.0,63,20.5,3,6,0.5,3.3333333333333335
603,E7,known synthetic attack,ML only,True,26,937,85346,91,0.02699896157840083,0.2222222222222222,0.04814814814814815,0.010859613133525724,0.5,67.0,1,2,86400,39.041666666666664,167,6.958333333333333,963,67.0,1,6,0.16666666666666666,12.0
603,E7,known synthetic attack,Network only,True,116,0,86283,1,1.0,0.9914529914529915,0.9957081545064378,0.0,0.5,0.0,1,2,86400,0.0,0,0.0,116,0.0,1,6,0.16666666666666666,0.0
603,E7,known synthetic attack,Without ML,True,117,0,86283,0,1.0,1.0,1.0,0.0,1.0,0.0,2,2,86400,0.0,0,0.0,181,0.0,6,6,1.0,1.6666666666666667
603,E7,known synthetic attack,Without network,True,63,937,85346,54,0.063,0.5384615384615384,0.11280214861235452,0.010859613133525724,1.0,20.5,2,2,86400,39.041666666666664,167,6.958333333333333,1028,20.5,5,6,0.8333333333333334,2.0
603,E7,known synthetic attack,Without rules,True,116,937,85346,1,0.11016144349477683,0.9914529914529915,0.19829059829059828,0.010859613133525724,0.5,0.0,1,2,86400,39.041666666666664,167,6.958333333333333,1081,0.0,4,6,0.6666666666666666,3.0
603,E7,known synthetic attack,Phase A ML + rolling R2,True,117,2414,83869,0,0.04622678783089688,1.0,0.08836858006042296,0.027977701285305332,1.0,0.0,2,2,86400,100.58333333333333,396,16.5,2647,0.0,6,6,1.0,1.6666666666666667
603,E7,known synthetic attack,Phase A ML + authorized network,True,117,2414,83869,0,0.04622678783089688,1.0,0.08836858006042296,0.027977701285305332,1.0,0.0,2,2,86400,100.58333333333333,396,16.5,2647,0.0,6,6,1.0,1.6666666666666667
603,E7,known synthetic attack,Phase A.2 ML + legacy rules/network,True,117,937,85346,0,0.1110056925996205,1.0,0.19982920580700256,0.010859613133525724,1.0,0.0,2,2,86400,39.041666666666664,167,6.958333333333333,1144,0.0,6,6,1.0,1.6666666666666667
603,nominal_thermal_regime,nominal,Phase A hybrid,True,0,3170,83230,0,0.0,,0.0,0.036689814814814814,,,0,0,86400,132.08333333333334,397,16.541666666666668,3170,,0,0,,
603,nominal_thermal_regime,nominal,Phase A ML,True,0,3170,83230,0,0.0,,0.0,0.036689814814814814,,,0,0,86400,132.08333333333334,397,16.541666666666668,3170,,0,0,,
603,nominal_thermal_regime,nominal,Phase A.2 hybrid,True,0,1336,85064,0,0.0,,0.0,0.015462962962962963,,,0,0,86400,55.666666666666664,243,10.125,1336,,0,0,,
603,nominal_thermal_regime,nominal,Rules only,True,0,0,86400,0,,,,0.0,,,0,0,86400,0.0,0,0.0,0,,0,0,,
603,nominal_thermal_regime,nominal,ML only,True,0,1336,85064,0,0.0,,0.0,0.015462962962962963,,,0,0,86400,55.666666666666664,243,10.125,1336,,0,0,,
603,nominal_thermal_regime,nominal,Network only,True,0,0,86400,0,,,,0.0,,,0,0,86400,0.0,0,0.0,0,,0,0,,
603,nominal_thermal_regime,nominal,Without ML,True,0,0,86400,0,,,,0.0,,,0,0,86400,0.0,0,0.0,0,,0,0,,
603,nominal_thermal_regime,nominal,Without network,True,0,1336,85064,0,0.0,,0.0,0.015462962962962963,,,0,0,86400,55.666666666666664,243,10.125,1336,,0,0,,
603,nominal_thermal_regime,nominal,Without rules,True,0,1336,85064,0,0.0,,0.0,0.015462962962962963,,,0,0,86400,55.666666666666664,243,10.125,1336,,0,0,,
603,nominal_thermal_regime,nominal,Phase A ML + rolling R2,True,0,3170,83230,0,0.0,,0.0,0.036689814814814814,,,0,0,86400,132.08333333333334,397,16.541666666666668,3170,,0,0,,
603,nominal_thermal_regime,nominal,Phase A ML + authorized network,True,0,3170,83230,0,0.0,,0.0,0.036689814814814814,,,0,0,86400,132.08333333333334,397,16.541666666666668,3170,,0,0,,
603,nominal_thermal_regime,nominal,Phase A.2 ML + legacy rules/network,True,0,1336,85064,0,0.0,,0.0,0.015462962962962963,,,0,0,86400,55.666666666666664,243,10.125,1336,,0,0,,
603,nominal_power_regime,nominal,Phase A hybrid,True,0,3519,82881,0,0.0,,0.0,0.040729166666666664,,,0,0,86400,146.625,489,20.375,3519,,0,0,,
603,nominal_power_regime,nominal,Phase A ML,True,0,3519,82881,0,0.0,,0.0,0.040729166666666664,,,0,0,86400,146.625,489,20.375,3519,,0,0,,
603,nominal_power_regime,nominal,Phase A.2 hybrid,True,0,1281,85119,0,0.0,,0.0,0.014826388888888889,,,0,0,86400,53.375,225,9.375,1281,,0,0,,
603,nominal_power_regime,nominal,Rules only,True,0,0,86400,0,,,,0.0,,,0,0,86400,0.0,0,0.0,0,,0,0,,
603,nominal_power_regime,nominal,ML only,True,0,1281,85119,0,0.0,,0.0,0.014826388888888889,,,0,0,86400,53.375,225,9.375,1281,,0,0,,
603,nominal_power_regime,nominal,Network only,True,0,0,86400,0,,,,0.0,,,0,0,86400,0.0,0,0.0,0,,0,0,,
603,nominal_power_regime,nominal,Without ML,True,0,0,86400,0,,,,0.0,,,0,0,86400,0.0,0,0.0,0,,0,0,,
603,nominal_power_regime,nominal,Without network,True,0,1281,85119,0,0.0,,0.0,0.014826388888888889,,,0,0,86400,53.375,225,9.375,1281,,0,0,,
603,nominal_power_regime,nominal,Without rules,True,0,1281,85119,0,0.0,,0.0,0.014826388888888889,,,0,0,86400,53.375,225,9.375,1281,,0,0,,
603,nominal_power_regime,nominal,Phase A ML + rolling R2,True,0,3519,82881,0,0.0,,0.0,0.040729166666666664,,,0,0,86400,146.625,489,20.375,3519,,0,0,,
603,nominal_power_regime,nominal,Phase A ML + authorized network,True,0,3519,82881,0,0.0,,0.0,0.040729166666666664,,,0,0,86400,146.625,489,20.375,3519,,0,0,,
603,nominal_power_regime,nominal,Phase A.2 ML + legacy rules/network,True,0,1281,85119,0,0.0,,0.0,0.014826388888888889,,,0,0,86400,53.375,225,9.375,1281,,0,0,,
603,operational_thermal_drift,operational anomaly (not cyberattack),Phase A hybrid,True,0,2414,83386,600,0.0,0.0,0.0,0.028135198135198134,0.0,,0,1,86400,100.58333333333333,396,16.5,2414,,0,1,0.0,
603,operational_thermal_drift,operational anomaly (not cyberattack),Phase A ML,True,0,2414,83386,600,0.0,0.0,0.0,0.028135198135198134,0.0,,0,1,86400,100.58333333333333,396,16.5,2414,,0,1,0.0,
603,operational_thermal_drift,operational anomaly (not cyberattack),Phase A.2 hybrid,True,0,937,84863,600,0.0,0.0,0.0,0.010920745920745921,0.0,,0,1,86400,39.041666666666664,167,6.958333333333333,937,,0,1,0.0,
603,operational_thermal_drift,operational anomaly (not cyberattack),Rules only,True,0,0,85800,600,,0.0,0.0,0.0,0.0,,0,1,86400,0.0,0,0.0,0,,0,1,0.0,
603,operational_thermal_drift,operational anomaly (not cyberattack),ML only,True,0,937,84863,600,0.0,0.0,0.0,0.010920745920745921,0.0,,0,1,86400,39.041666666666664,167,6.958333333333333,937,,0,1,0.0,
603,operational_thermal_drift,operational anomaly (not cyberattack),Network only,True,0,0,85800,600,,0.0,0.0,0.0,0.0,,0,1,86400,0.0,0,0.0,0,,0,1,0.0,
603,operational_thermal_drift,operational anomaly (not cyberattack),Without ML,True,0,0,85800,600,,0.0,0.0,0.0,0.0,,0,1,86400,0.0,0,0.0,0,,0,1,0.0,
603,operational_thermal_drift,operational anomaly (not cyberattack),Without network,True,0,937,84863,600,0.0,0.0,0.0,0.010920745920745921,0.0,,0,1,86400,39.041666666666664,167,6.958333333333333,937,,0,1,0.0,
603,operational_thermal_drift,operational anomaly (not cyberattack),Without rules,True,0,937,84863,600,0.0,0.0,0.0,0.010920745920745921,0.0,,0,1,86400,39.041666666666664,167,6.958333333333333,937,,0,1,0.0,
603,operational_thermal_drift,operational anomaly (not cyberattack),Phase A ML + rolling R2,True,0,2414,83386,600,0.0,0.0,0.0,0.028135198135198134,0.0,,0,1,86400,100.58333333333333,396,16.5,2414,,0,1,0.0,
603,operational_thermal_drift,operational anomaly (not cyberattack),Phase A ML + authorized network,True,0,2414,83386,600,0.0,0.0,0.0,0.028135198135198134,0.0,,0,1,86400,100.58333333333333,396,16.5,2414,,0,1,0.0,
603,operational_thermal_drift,operational anomaly (not cyberattack),Phase A.2 ML + legacy rules/network,True,0,937,84863,600,0.0,0.0,0.0,0.010920745920745921,0.0,,0,1,86400,39.041666666666664,167,6.958333333333333,937,,0,1,0.0,
603,operational_power_relationship,operational anomaly (not cyberattack),Phase A hybrid,True,5,2414,83386,595,0.002066969822240595,0.008333333333333333,0.0033123550844650546,0.028135198135198134,1.0,0.0,1,1,86400,100.58333333333333,396,16.5,2419,0.0,1,1,1.0,0.0
603,operational_power_relationship,operational anomaly (not cyberattack),Phase A ML,True,5,2414,83386,595,0.002066969822240595,0.008333333333333333,0.0033123550844650546,0.028135198135198134,1.0,0.0,1,1,86400,100.58333333333333,396,16.5,2419,0.0,1,1,1.0,0.0
603,operational_power_relationship,operational anomaly (not cyberattack),Phase A.2 hybrid,True,0,937,84863,600,0.0,0.0,0.0,0.010920745920745921,0.0,,0,1,86400,39.041666666666664,167,6.958333333333333,937,,0,1,0.0,
603,operational_power_relationship,operational anomaly (not cyberattack),Rules only,True,0,0,85800,600,,0.0,0.0,0.0,0.0,,0,1,86400,0.0,0,0.0,0,,0,1,0.0,
603,operational_power_relationship,operational anomaly (not cyberattack),ML only,True,0,937,84863,600,0.0,0.0,0.0,0.010920745920745921,0.0,,0,1,86400,39.041666666666664,167,6.958333333333333,937,,0,1,0.0,
603,operational_power_relationship,operational anomaly (not cyberattack),Network only,True,0,0,85800,600,,0.0,0.0,0.0,0.0,,0,1,86400,0.0,0,0.0,0,,0,1,0.0,
603,operational_power_relationship,operational anomaly (not cyberattack),Without ML,True,0,0,85800,600,,0.0,0.0,0.0,0.0,,0,1,86400,0.0,0,0.0,0,,0,1,0.0,
603,operational_power_relationship,operational anomaly (not cyberattack),Without network,True,0,937,84863,600,0.0,0.0,0.0,0.010920745920745921,0.0,,0,1,86400,39.041666666666664,167,6.958333333333333,937,,0,1,0.0,
603,operational_power_relationship,operational anomaly (not cyberattack),Without rules,True,0,937,84863,600,0.0,0.0,0.0,0.010920745920745921,0.0,,0,1,86400,39.041666666666664,167,6.958333333333333,937,,0,1,0.0,
603,operational_power_relationship,operational anomaly (not cyberattack),Phase A ML + rolling R2,True,5,2414,83386,595,0.002066969822240595,0.008333333333333333,0.0033123550844650546,0.028135198135198134,1.0,0.0,1,1,86400,100.58333333333333,396,16.5,2419,0.0,1,1,1.0,0.0
603,operational_power_relationship,operational anomaly (not cyberattack),Phase A ML + authorized network,True,5,2414,83386,595,0.002066969822240595,0.008333333333333333,0.0033123550844650546,0.028135198135198134,1.0,0.0,1,1,86400,100.58333333333333,396,16.5,2419,0.0,1,1,1.0,0.0
603,operational_power_relationship,operational anomaly (not cyberattack),Phase A.2 ML + legacy rules/network,True,0,937,84863,600,0.0,0.0,0.0,0.010920745920745921,0.0,,0,1,86400,39.041666666666664,167,6.958333333333333,937,,0,1,0.0,
603,operational_voltage_relationship,operational anomaly (not cyberattack),Phase A hybrid,True,3,2414,83386,597,0.0012412081092263137,0.005,0.0019887305270135896,0.028135198135198134,1.0,0.0,1,1,86400,100.58333333333333,396,16.5,2417,0.0,1,1,1.0,0.0
603,operational_voltage_relationship,operational anomaly (not cyberattack),Phase A ML,True,3,2414,83386,597,0.0012412081092263137,0.005,0.0019887305270135896,0.028135198135198134,1.0,0.0,1,1,86400,100.58333333333333,396,16.5,2417,0.0,1,1,1.0,0.0
603,operational_voltage_relationship,operational anomaly (not cyberattack),Phase A.2 hybrid,True,0,937,84863,600,0.0,0.0,0.0,0.010920745920745921,0.0,,0,1,86400,39.041666666666664,167,6.958333333333333,937,,0,1,0.0,
603,operational_voltage_relationship,operational anomaly (not cyberattack),Rules only,True,0,0,85800,600,,0.0,0.0,0.0,0.0,,0,1,86400,0.0,0,0.0,0,,0,1,0.0,
603,operational_voltage_relationship,operational anomaly (not cyberattack),ML only,True,0,937,84863,600,0.0,0.0,0.0,0.010920745920745921,0.0,,0,1,86400,39.041666666666664,167,6.958333333333333,937,,0,1,0.0,
603,operational_voltage_relationship,operational anomaly (not cyberattack),Network only,True,0,0,85800,600,,0.0,0.0,0.0,0.0,,0,1,86400,0.0,0,0.0,0,,0,1,0.0,
603,operational_voltage_relationship,operational anomaly (not cyberattack),Without ML,True,0,0,85800,600,,0.0,0.0,0.0,0.0,,0,1,86400,0.0,0,0.0,0,,0,1,0.0,
603,operational_voltage_relationship,operational anomaly (not cyberattack),Without network,True,0,937,84863,600,0.0,0.0,0.0,0.010920745920745921,0.0,,0,1,86400,39.041666666666664,167,6.958333333333333,937,,0,1,0.0,
603,operational_voltage_relationship,operational anomaly (not cyberattack),Without rules,True,0,937,84863,600,0.0,0.0,0.0,0.010920745920745921,0.0,,0,1,86400,39.041666666666664,167,6.958333333333333,937,,0,1,0.0,
603,operational_voltage_relationship,operational anomaly (not cyberattack),Phase A ML + rolling R2,True,3,2414,83386,597,0.0012412081092263137,0.005,0.0019887305270135896,0.028135198135198134,1.0,0.0,1,1,86400,100.58333333333333,396,16.5,2417,0.0,1,1,1.0,0.0
603,operational_voltage_relationship,operational anomaly (not cyberattack),Phase A ML + authorized network,True,3,2414,83386,597,0.0012412081092263137,0.005,0.0019887305270135896,0.028135198135198134,1.0,0.0,1,1,86400,100.58333333333333,396,16.5,2417,0.0,1,1,1.0,0.0
603,operational_voltage_relationship,operational anomaly (not cyberattack),Phase A.2 ML + legacy rules/network,True,0,937,84863,600,0.0,0.0,0.0,0.010920745920745921,0.0,,0,1,86400,39.041666666666664,167,6.958333333333333,937,,0,1,0.0,
